{"stats":{"minecraft:picked_up":{"minecraft:birch_log":6,"minecraft:crafting_table":1,"minecraft:cooked_beef":2,"minecraft:leather":10,"minecraft:wooden_pickaxe":2,"minecraft:birch_planks":13,"minecraft:flint":4,"minecraft:tuff":40,"minecraft:oak_log":196,"minecraft:gunpowder":4,"minecraft:amethyst_block":7,"minecraft:lapis_lazuli":60,"minecraft:dirt":5,"minecraft:lantern":2,"minecraft:bone":6,"minecraft:apple":6,"minecraft:bow":3,"ars_nouveau:source_gem":8,"minecraft:cobbled_deepslate":230,"minecraft:raw_gold":4,"minecraft:iron_ingot":36,"minecraft:stone_pickaxe":1,"minecraft:calcite":6,"minecraft:iron_pickaxe":1,"minecraft:birch_sapling":15,"minecraft:oak_planks":93,"minecraft:stick":87,"minecraft:raw_iron":100,"minecraft:smooth_basalt":6,"minecraft:sweet_berries":3,"minecraft:torch":4,"ars_nouveau:novice_spell_book":1,"minecraft:amethyst_shard":24,"ars_nouveau:glyph_light":3,"minecraft:arrow":3,"minecraft:rotten_flesh":2,"minecraft:stone_axe":2,"ars_nouveau:worn_notebook":2,"minecraft:granite":18,"minecraft:oak_sapling":108,"minecraft:coal":30,"minecraft:cobblestone":81},"minecraft:killed":{"minecraft:skeleton":1,"minecraft:drowned":2},"minecraft:used":{"minecraft:calcite":3,"minecraft:birch_planks":13,"minecraft:stone_pickaxe":132,"minecraft:oak_planks":21,"minecraft:chest":6,"minecraft:wooden_pickaxe":24,"minecraft:sugar_cane":2,"minecraft:cooked_chicken":2,"minecraft:dirt":5,"minecraft:crafting_table":4,"minecraft:tuff":4,"minecraft:oak_log":8,"minecraft:apple":6,"minecraft:iron_pickaxe":191,"minecraft:stone_axe":132,"minecraft:cobblestone":43,"minecraft:sweet_berries":19,"minecraft:cooked_beef":2,"minecraft:cobbled_deepslate":207},"minecraft:killed_by":{"minecraft:drowned":1},"minecraft:dropped":{"minecraft:lantern":2,"minecraft:leather":3,"minecraft:torch":2,"minecraft:amethyst_shard":24,"ars_nouveau:source_gem":8},"minecraft:broken":{"minecraft:stone_pickaxe":1},"minecraft:custom":{"minecraft:interact_with_furnace":1,"minecraft:mob_kills":3,"minecraft:interact_with_crafting_table":11,"minecraft:time_since_death":1619,"minecraft:time_since_rest":1646,"minecraft:sprint_one_cm":136062,"minecraft:damage_taken":1040,"minecraft:walk_one_cm":313884,"minecraft:drop":14,"minecraft:damage_dealt":738,"minecraft:swim_one_cm":16943,"minecraft:fly_one_cm":109482,"minecraft:open_chest":16,"minecraft:crouch_one_cm":3229,"minecraft:play_time":67649,"minecraft:deaths":2,"minecraft:sneak_time":513,"minecraft:walk_under_water_one_cm":7131,"minecraft:jump":1058,"minecraft:interact_with_blast_furnace":6,"minecraft:walk_on_water_one_cm":20417,"minecraft:total_world_time":67649,"minecraft:interact_with_smoker":1,"minecraft:fall_one_cm":33142},"minecraft:crafted":{"minecraft:oak_planks":120,"minecraft:iron_nugget":9,"minecraft:crafting_table":3,"minecraft:wooden_pickaxe":1,"minecraft:cooked_chicken":2,"minecraft:iron_sword":1,"minecraft:birch_planks":24,"minecraft:stone_axe":1,"minecraft:air":0,"minecraft:lantern":1,"minecraft:paper":3,"ars_nouveau:novice_spell_book":1,"minecraft:book":1,"minecraft:iron_axe":1,"minecraft:stick":8,"minecraft:iron_ingot":34,"minecraft:iron_pickaxe":2,"minecraft:stone_pickaxe":1,"minecraft:chest":8,"minecraft:iron_shovel":1,"minecraft:torch":4},"minecraft:mined":{"minecraft:large_amethyst_bud":3,"minecraft:tuff":12,"minecraft:medium_amethyst_bud":4,"ars_nouveau:light_block":12,"minecraft:amethyst_cluster":6,"minecraft:crafting_table":1,"minecraft:granite":6,"minecraft:grass_block":1,"minecraft:calcite":3,"minecraft:lapis_ore":4,"minecraft:deepslate_gold_ore":2,"minecraft:oak_planks":1,"minecraft:amethyst_block":3,"minecraft:birch_log":6,"minecraft:iron_ore":27,"minecraft:cobbled_deepslate":37,"minecraft:grass":2,"minecraft:oak_log":102,"minecraft:coal_ore":15,"minecraft:deepslate_iron_ore":22,"minecraft:dirt":4,"minecraft:smooth_basalt":2,"minecraft:stone":49,"minecraft:oak_leaves":5,"minecraft:deepslate":145}},"DataVersion":3465}