{"stats":{"minecraft:killed_by":{"minecraft:zombie":1},"minecraft:picked_up":{"minecraft:birch_log":5,"minecraft:stick":2,"minecraft:dirt":3,"minecraft:cobblestone":19},"minecraft:used":{"minecraft:dirt":3,"minecraft:crafting_table":2,"minecraft:stone_pickaxe":1,"minecraft:wooden_pickaxe":22},"minecraft:mined":{"minecraft:grass_block":1,"minecraft:dirt":2,"minecraft:birch_log":5,"minecraft:stone":19},"minecraft:custom":{"minecraft:time_since_rest":276,"minecraft:sprint_one_cm":28510,"minecraft:play_time":9149,"minecraft:damage_taken":814,"minecraft:deaths":3,"minecraft:walk_one_cm":9213,"minecraft:walk_under_water_one_cm":1120,"minecraft:jump":185,"minecraft:leave_game":2,"minecraft:walk_on_water_one_cm":3148,"minecraft:time_since_death":0,"minecraft:total_world_time":9149,"minecraft:swim_one_cm":38094,"minecraft:interact_with_crafting_table":2,"minecraft:fall_one_cm":8145,"minecraft:fly_one_cm":42137},"minecraft:crafted":{"minecraft:stone_sword":1,"minecraft:birch_planks":20,"minecraft:stone_axe":1,"minecraft:crafting_table":2,"minecraft:stick":8,"minecraft:stone_pickaxe":1,"minecraft:wooden_pickaxe":1}},"DataVersion":3465}