{"stats":{"minecraft:picked_up":{"minecraft:birch_log":6,"minecraft:crafting_table":2,"minecraft:cooked_beef":2,"minecraft:leather":13,"minecraft:wooden_pickaxe":2,"minecraft:birch_planks":13,"minecraft:flint":6,"minecraft:tuff":58,"minecraft:oak_log":196,"minecraft:gunpowder":4,"minecraft:amethyst_block":10,"minecraft:lapis_lazuli":80,"minecraft:dirt":5,"minecraft:lantern":2,"minecraft:iron_axe":1,"minecraft:bone":8,"minecraft:oak_sign":3,"minecraft:apple":6,"minecraft:bow":4,"minecraft:gold_nugget":5,"ars_nouveau:source_gem":8,"minecraft:cobbled_deepslate":334,"minecraft:raw_gold":6,"minecraft:iron_ingot":39,"minecraft:stone_pickaxe":1,"minecraft:calcite":6,"minecraft:iron_pickaxe":2,"minecraft:chest":7,"minecraft:birch_sapling":20,"minecraft:oak_planks":110,"minecraft:stick":108,"minecraft:raw_iron":113,"minecraft:smooth_basalt":8,"minecraft:sweet_berries":3,"minecraft:torch":6,"minecraft:sand":3,"ars_nouveau:novice_spell_book":2,"minecraft:amethyst_shard":24,"minecraft:ink_sac":3,"minecraft:black_dye":2,"ars_nouveau:glyph_light":3,"minecraft:arrow":5,"minecraft:rotten_flesh":4,"minecraft:stone_axe":3,"ars_nouveau:worn_notebook":3,"minecraft:granite":24,"minecraft:oak_sapling":151,"minecraft:coal":37,"minecraft:cobblestone":81},"minecraft:killed":{"minecraft:skeleton":1,"minecraft:drowned":2},"minecraft:used":{"minecraft:calcite":3,"minecraft:birch_planks":13,"minecraft:stone_pickaxe":132,"minecraft:oak_planks":37,"minecraft:chest":9,"minecraft:wooden_pickaxe":24,"minecraft:sugar_cane":2,"minecraft:cooked_chicken":2,"minecraft:dirt":5,"minecraft:oak_slab":6,"minecraft:crafting_table":4,"minecraft:tuff":8,"minecraft:oak_log":8,"minecraft:apple":6,"minecraft:iron_axe":4,"minecraft:iron_pickaxe":191,"minecraft:stone_axe":137,"minecraft:cobblestone":43,"minecraft:sweet_berries":19,"minecraft:cooked_beef":2,"minecraft:cobbled_deepslate":207},"minecraft:killed_by":{"minecraft:enderman":1,"minecraft:drowned":1},"minecraft:dropped":{"minecraft:lantern":2,"minecraft:leather":3,"minecraft:torch":2,"minecraft:amethyst_shard":24,"ars_nouveau:source_gem":8},"minecraft:broken":{"minecraft:stone_pickaxe":1},"minecraft:custom":{"minecraft:interact_with_furnace":6,"minecraft:mob_kills":3,"minecraft:interact_with_crafting_table":15,"minecraft:time_since_death":8956,"minecraft:time_since_rest":8986,"minecraft:sprint_one_cm":161727,"minecraft:damage_taken":1250,"minecraft:walk_one_cm":350352,"minecraft:drop":14,"minecraft:damage_dealt":891,"minecraft:swim_one_cm":38727,"minecraft:fly_one_cm":132181,"minecraft:open_chest":21,"minecraft:crouch_one_cm":3229,"minecraft:play_time":79649,"minecraft:deaths":3,"minecraft:sneak_time":513,"minecraft:walk_under_water_one_cm":11747,"minecraft:jump":1200,"minecraft:interact_with_blast_furnace":10,"minecraft:walk_on_water_one_cm":41274,"minecraft:total_world_time":79649,"minecraft:interact_with_smoker":1,"minecraft:fall_one_cm":35290},"minecraft:crafted":{"minecraft:oak_slab":6,"minecraft:oak_planks":120,"minecraft:iron_nugget":9,"minecraft:crafting_table":3,"minecraft:wooden_pickaxe":1,"minecraft:cooked_chicken":2,"minecraft:iron_sword":1,"minecraft:birch_planks":24,"minecraft:stone_axe":1,"minecraft:air":0,"minecraft:lantern":1,"minecraft:paper":3,"ars_nouveau:novice_spell_book":1,"minecraft:book":1,"minecraft:iron_axe":2,"minecraft:stick":8,"minecraft:iron_ingot":34,"minecraft:iron_pickaxe":2,"minecraft:stone_pickaxe":1,"minecraft:chest":8,"minecraft:iron_shovel":1,"minecraft:torch":4},"minecraft:mined":{"minecraft:large_amethyst_bud":3,"minecraft:tuff":12,"minecraft:medium_amethyst_bud":4,"ars_nouveau:light_block":12,"minecraft:amethyst_cluster":6,"minecraft:crafting_table":1,"minecraft:granite":6,"minecraft:grass_block":1,"minecraft:calcite":3,"minecraft:chest":5,"minecraft:lapis_ore":4,"minecraft:deepslate_gold_ore":2,"minecraft:oak_planks":3,"minecraft:amethyst_block":3,"minecraft:birch_log":6,"minecraft:iron_ore":27,"minecraft:cobbled_deepslate":37,"minecraft:grass":2,"minecraft:oak_log":102,"minecraft:coal_ore":15,"minecraft:deepslate_iron_ore":22,"minecraft:dirt":4,"minecraft:smooth_basalt":2,"minecraft:stone":49,"minecraft:oak_leaves":5,"minecraft:deepslate":145}},"DataVersion":3465}