{"stats":{"minecraft:dropped":{"ars_nouveau:source_gem":8},"minecraft:custom":{"minecraft:time_since_rest":13173,"minecraft:sprint_one_cm":58892,"minecraft:damage_taken":380,"minecraft:walk_one_cm":45710,"minecraft:mob_kills":1,"minecraft:drop":8,"minecraft:damage_dealt":237,"minecraft:swim_one_cm":3609,"minecraft:interact_with_crafting_table":3,"minecraft:fly_one_cm":51415,"minecraft:open_chest":5,"minecraft:play_time":13173,"minecraft:walk_under_water_one_cm":792,"minecraft:jump":264,"minecraft:walk_on_water_one_cm":5585,"minecraft:time_since_death":13173,"minecraft:total_world_time":13173,"minecraft:fall_one_cm":7796},"minecraft:mined":{"minecraft:iron_ore":8,"minecraft:birch_log":6,"ars_nouveau:light_block":1,"minecraft:granite":6,"minecraft:grass":2,"minecraft:coal_ore":8,"minecraft:grass_block":1,"minecraft:oak_log":102,"minecraft:deepslate_iron_ore":4,"minecraft:stone":39,"minecraft:deepslate":1,"minecraft:oak_leaves":5},"minecraft:killed":{"minecraft:skeleton":1},"minecraft:picked_up":{"minecraft:birch_log":6,"minecraft:raw_iron":12,"minecraft:stick":31,"minecraft:oak_log":102,"minecraft:dirt":1,"minecraft:bone":2,"minecraft:arrow":1,"minecraft:apple":6,"minecraft:bow":1,"ars_nouveau:source_gem":8,"minecraft:cobbled_deepslate":1,"minecraft:granite":6,"minecraft:oak_sapling":36,"minecraft:birch_sapling":5,"minecraft:coal":8,"minecraft:cobblestone":39},"minecraft:crafted":{"minecraft:crafting_table":1,"minecraft:stick":8,"minecraft:wooden_pickaxe":1,"minecraft:stone_pickaxe":1,"minecraft:birch_planks":24,"minecraft:stone_axe":1},"minecraft:used":{"minecraft:oak_log":8,"minecraft:apple":6,"minecraft:stone_pickaxe":47,"minecraft:wooden_pickaxe":21,"minecraft:stone_axe":127,"minecraft:dirt":1,"minecraft:crafting_table":1}},"DataVersion":3465}