{"stats":{"minecraft:used":{"minecraft:oak_fence":2,"iceandfire:silver_sword":1,"minecraft:polished_deepslate":119,"minecraft:chest":49,"minecraft:shield":50,"minecraft:iron_sword":174,"minecraft:rotten_flesh":14,"ars_nouveau:arcanist_boots":1,"minecraft:cooked_salmon":3,"minecraft:cooked_chicken":4,"minecraft:dirt":15,"minecraft:tuff":20,"minecraft:granite":2,"minecraft:oak_fence_gate":4,"minecraft:iron_axe":639,"minecraft:iron_helmet":1,"minecraft:bow":3,"ars_nouveau:arcanist_leggings":1,"minecraft:sweet_berries":129,"minecraft:furnace":1,"ars_nouveau:sourceberry_bush":126,"minecraft:egg":2,"minecraft:cooked_beef":2,"minecraft:cobbled_deepslate":274,"minecraft:iron_leggings":1,"iceandfire:troll_weapon_hammer":10,"minecraft:calcite":3,"minecraft:water_bucket":8,"minecraft:diorite":2,"minecraft:birch_planks":13,"minecraft:stone_pickaxe":217,"minecraft:oak_planks":167,"minecraft:wooden_pickaxe":83,"minecraft:sugar_cane":2,"ars_nouveau:arcanist_hood":1,"minecraft:oak_slab":26,"minecraft:crafting_table":16,"minecraft:oak_log":8,"minecraft:apple":16,"minecraft:iron_pickaxe":362,"minecraft:bread":1,"minecraft:deepslate":2,"minecraft:gravel":4,"minecraft:stone_axe":137,"minecraft:fishing_rod":6,"minecraft:cobblestone":69,"minecraft:andesite":15,"minecraft:bucket":7,"ars_nouveau:archwood_trapdoor":1,"ars_nouveau:arcanist_robes":1,"minecraft:bone_meal":2},"minecraft:killed":{"minecraft:witch":1,"minecraft:spider":10,"minecraft:skeleton":9,"minecraft:chicken":6,"minecraft:drowned":4,"minecraft:zombie_villager":1,"iceandfire:troll":1,"minecraft:rabbit":1,"minecraft:creeper":7,"minecraft:sheep":3,"minecraft:zombie":20,"minecraft:glow_squid":1},"minecraft:broken":{"minecraft:wooden_pickaxe":1,"minecraft:stone_pickaxe":1},"minecraft:custom":{"minecraft:mob_kills":65,"minecraft:interact_with_crafting_table":59,"minecraft:leave_game":1,"minecraft:time_since_death":43371,"minecraft:sprint_one_cm":881231,"minecraft:walk_one_cm":1248142,"minecraft:damage_blocked_by_shield":2985,"minecraft:drop":94,"minecraft:play_time":428154,"minecraft:deaths":17,"minecraft:sneak_time":1107,"minecraft:walk_under_water_one_cm":71354,"minecraft:jump":6620,"minecraft:interact_with_brewingstand":4,"minecraft:interact_with_blast_furnace":16,"minecraft:walk_on_water_one_cm":181508,"minecraft:total_world_time":428154,"minecraft:interact_with_furnace":21,"minecraft:sleep_in_bed":1,"minecraft:time_since_rest":43398,"minecraft:damage_taken":7502,"minecraft:damage_dealt":12869,"minecraft:swim_one_cm":241922,"minecraft:fly_one_cm":1078739,"minecraft:open_chest":88,"minecraft:crouch_one_cm":4896,"minecraft:interact_with_smoker":3,"minecraft:fall_one_cm":171131},"minecraft:mined":{"minecraft:large_amethyst_bud":4,"minecraft:tuff":20,"gravestone:gravestone":10,"minecraft:granite":17,"minecraft:grass_block":9,"minecraft:spruce_leaves":3,"minecraft:redstone_ore":2,"minecraft:iron_ore":61,"minecraft:cobbled_deepslate":41,"minecraft:andesite":13,"minecraft:deepslate_lapis_ore":4,"minecraft:polished_deepslate":5,"minecraft:deepslate_iron_ore":42,"minecraft:vine":1,"minecraft:stone":127,"minecraft:deepslate_redstone_ore":8,"minecraft:oak_slab":4,"minecraft:medium_amethyst_bud":4,"ars_nouveau:light_block":20,"minecraft:amethyst_cluster":10,"minecraft:dandelion":1,"minecraft:crafting_table":4,"ars_nouveau:stripped_green_archwood_log":2,"minecraft:calcite":5,"minecraft:poppy":6,"iceandfire:ghost_chest":1,"minecraft:chest":15,"minecraft:cobblestone":3,"minecraft:tall_grass":11,"minecraft:lapis_ore":4,"minecraft:deepslate_gold_ore":3,"minecraft:sugar_cane":15,"minecraft:oak_planks":45,"minecraft:diorite":6,"minecraft:amethyst_block":3,"minecraft:deepslate_copper_ore":1,"ars_nouveau:blue_archwood_log":56,"minecraft:birch_log":43,"minecraft:sweet_berry_bush":10,"minecraft:spruce_log":27,"minecraft:grass":230,"minecraft:oak_log":301,"minecraft:coal_ore":15,"minecraft:gravel":10,"minecraft:dirt":15,"minecraft:cobweb":1,"minecraft:smooth_basalt":6,"minecraft:gold_ore":2,"minecraft:oak_leaves":20,"minecraft:deepslate":238},"minecraft:crafted":{"minecraft:oak_planks":428,"minecraft:fishing_rod":1,"minecraft:iron_nugget":9,"ars_nouveau:magebloom_fiber":16,"minecraft:cooked_chicken":4,"minecraft:furnace":1,"ars_nouveau:archwood_trapdoor":2,"minecraft:bone_meal":9,"minecraft:lantern":1,"minecraft:bow":1,"minecraft:iron_boots":1,"ars_nouveau:novice_spell_book":2,"minecraft:polished_deepslate":128,"minecraft:iron_axe":4,"minecraft:stone_pickaxe":2,"minecraft:chest":34,"minecraft:oak_fence":3,"minecraft:red_dye":6,"minecraft:oak_slab":24,"minecraft:deepslate":26,"ars_nouveau:arcanist_leggings":1,"minecraft:crafting_table":10,"minecraft:iron_helmet":2,"minecraft:wooden_pickaxe":2,"minecraft:iron_sword":4,"ars_nouveau:arcanist_robes":1,"ars_nouveau:arcanist_boots":1,"ars_nouveau:arcanist_hood":1,"minecraft:birch_planks":24,"minecraft:stone_axe":1,"minecraft:air":0,"minecraft:oak_fence_gate":4,"minecraft:gold_nugget":9,"minecraft:iron_chestplate":1,"minecraft:book":2,"minecraft:paper":6,"minecraft:shield":2,"minecraft:stick":16,"minecraft:iron_ingot":34,"minecraft:iron_pickaxe":5,"minecraft:gold_ingot":1,"minecraft:iron_shovel":2,"minecraft:iron_leggings":1,"minecraft:torch":4},"minecraft:killed_by":{"minecraft:creeper":4,"minecraft:enderman":1,"minecraft:drowned":1,"minecraft:skeleton":3,"minecraft:phantom":1,"minecraft:zombie":2,"iceandfire:ghost":1,"iceandfire:fire_dragon":2},"minecraft:picked_up":{"minecraft:crafting_table":6,"iceandfire:troll_weapon_hammer":1,"minecraft:chicken":6,"minecraft:wooden_pickaxe":2,"ars_nouveau:blue_archwood_sapling":8,"gravestone:obituary":7,"minecraft:chain":1,"minecraft:amethyst_block":10,"minecraft:polished_deepslate":5,"minecraft:string":7,"minecraft:raw_copper":28,"minecraft:iron_axe":3,"minecraft:cooked_salmon":3,"minecraft:oak_sign":3,"iceandfire:graveyard_soil":6,"minecraft:gold_nugget":29,"minecraft:cobbled_deepslate":485,"ars_nouveau:starbuncle_shards":6,"minecraft:calcite":6,"minecraft:poppy":6,"minecraft:iron_pickaxe":5,"minecraft:sugar_cane":30,"minecraft:chest":17,"minecraft:birch_sapling":33,"minecraft:egg":2,"minecraft:stick":178,"minecraft:raw_iron":228,"iceandfire:ghost_chest":1,"iceandfire:troll_tusk":1,"minecraft:copper_ingot":1,"minecraft:oak_fence":1,"minecraft:torch":6,"ars_nouveau:blue_archwood_log":56,"ars_nouveau:frostaya_pod":5,"minecraft:pointed_dripstone":2,"minecraft:diorite":5,"minecraft:redstone":46,"minecraft:black_dye":2,"minecraft:rotten_flesh":28,"minecraft:arrow":19,"ars_nouveau:arcanist_leggings":1,"ars_nouveau:worn_notebook":3,"ars_nouveau:sourceberry_bush":64,"minecraft:mutton":4,"minecraft:skeleton_skull":1,"minecraft:white_wool":3,"minecraft:cobblestone":170,"minecraft:birch_log":45,"ars_nouveau:arcanist_hood":1,"minecraft:feather":7,"minecraft:cooked_beef":2,"minecraft:glow_ink_sac":3,"minecraft:water_bucket":1,"minecraft:andesite":26,"minecraft:leather":13,"minecraft:red_mushroom":1,"minecraft:birch_planks":13,"ars_nouveau:magebloom":4,"minecraft:flint":8,"minecraft:tuff":85,"minecraft:oak_log":395,"iceandfire:ectoplasm":2,"minecraft:gunpowder":9,"minecraft:lapis_lazuli":187,"minecraft:dirt":38,"minecraft:lantern":2,"ars_nouveau:arcanist_robes":1,"ars_nouveau:arcanist_boots":1,"minecraft:bone":37,"minecraft:apple":18,"minecraft:bow":5,"minecraft:wheat_seeds":25,"ars_nouveau:source_gem":8,"minecraft:raw_gold":57,"minecraft:iron_ingot":94,"minecraft:stone_pickaxe":1,"minecraft:cobweb":11,"minecraft:iron_sword":1,"minecraft:oak_planks":267,"minecraft:oak_slab":6,"minecraft:smooth_basalt":8,"minecraft:sweet_berries":154,"ars_nouveau:novice_spell_book":5,"minecraft:gravel":5,"minecraft:sand":3,"minecraft:amethyst_shard":40,"minecraft:spruce_sapling":8,"minecraft:ink_sac":7,"minecraft:spruce_log":27,"minecraft:spider_eye":2,"ars_nouveau:glyph_light":3,"minecraft:diamond":3,"minecraft:stone_axe":4,"iceandfire:silver_sword":1,"minecraft:granite":40,"minecraft:emerald":4,"iceandfire:troll_leather_forest":4,"minecraft:oak_sapling":251,"minecraft:coal":39,"iceandfire:raw_silver":5},"minecraft:dropped":{"minecraft:iron_ingot":2,"ars_nouveau:novice_spell_book":2,"minecraft:wheat_seeds":25,"minecraft:diamond":3,"minecraft:cobblestone":2,"minecraft:oak_fence":1,"minecraft:lantern":2,"minecraft:leather":3,"minecraft:granite":20,"iceandfire:ectoplasm":2,"minecraft:red_mushroom":1,"minecraft:stick":27,"minecraft:emerald":4,"minecraft:dirt":3,"minecraft:diorite":1,"minecraft:torch":2,"gravestone:obituary":14,"minecraft:gold_nugget":19,"minecraft:amethyst_shard":24,"minecraft:iron_axe":1,"minecraft:sand":3,"minecraft:iron_pickaxe":2,"minecraft:string":2,"ars_nouveau:source_gem":8,"minecraft:gravel":1,"minecraft:stone_axe":1,"minecraft:cobbled_deepslate":3,"minecraft:raw_copper":1,"minecraft:tuff":15,"minecraft:raw_iron":2,"minecraft:oak_planks":75,"minecraft:gunpowder":1,"ars_nouveau:starbuncle_shards":1,"minecraft:spider_eye":2}},"DataVersion":3465}