{"stats":{"minecraft:picked_up":{"minecraft:crafting_table":3,"minecraft:chicken":4,"minecraft:wooden_pickaxe":2,"ars_nouveau:blue_archwood_sapling":8,"minecraft:chain":1,"minecraft:amethyst_block":10,"minecraft:polished_deepslate":5,"minecraft:iron_axe":3,"minecraft:oak_sign":3,"iceandfire:graveyard_soil":6,"minecraft:gold_nugget":25,"minecraft:cobbled_deepslate":336,"ars_nouveau:starbuncle_shards":2,"minecraft:calcite":6,"minecraft:iron_pickaxe":5,"minecraft:sugar_cane":30,"minecraft:chest":17,"minecraft:birch_sapling":20,"minecraft:egg":1,"minecraft:raw_iron":126,"minecraft:stick":140,"iceandfire:ghost_chest":1,"minecraft:copper_ingot":1,"minecraft:oak_fence":1,"minecraft:torch":6,"ars_nouveau:blue_archwood_log":56,"ars_nouveau:frostaya_pod":5,"minecraft:black_dye":2,"minecraft:rotten_flesh":14,"minecraft:arrow":9,"ars_nouveau:worn_notebook":3,"minecraft:mutton":4,"minecraft:skeleton_skull":1,"minecraft:white_wool":3,"minecraft:cobblestone":81,"minecraft:birch_log":8,"minecraft:feather":5,"minecraft:cooked_beef":2,"minecraft:leather":13,"minecraft:birch_planks":13,"minecraft:flint":8,"minecraft:tuff":72,"minecraft:oak_log":271,"iceandfire:ectoplasm":2,"minecraft:gunpowder":8,"minecraft:lapis_lazuli":80,"minecraft:dirt":19,"minecraft:lantern":2,"minecraft:bone":19,"minecraft:apple":8,"minecraft:bow":5,"ars_nouveau:source_gem":8,"minecraft:raw_gold":6,"minecraft:iron_ingot":74,"minecraft:stone_pickaxe":1,"minecraft:cobweb":11,"minecraft:oak_planks":258,"minecraft:iron_sword":1,"minecraft:oak_slab":6,"minecraft:smooth_basalt":8,"minecraft:sweet_berries":97,"ars_nouveau:novice_spell_book":3,"minecraft:sand":3,"minecraft:amethyst_shard":24,"minecraft:ink_sac":3,"ars_nouveau:glyph_light":3,"minecraft:stone_axe":4,"iceandfire:silver_sword":1,"minecraft:granite":24,"minecraft:oak_sapling":172,"minecraft:coal":37},"minecraft:killed":{"minecraft:skeleton":2,"minecraft:chicken":4,"minecraft:drowned":4,"minecraft:creeper":4,"minecraft:sheep":3},"minecraft:used":{"minecraft:oak_fence":2,"iceandfire:silver_sword":1,"minecraft:polished_deepslate":119,"minecraft:chest":49,"minecraft:shield":13,"minecraft:iron_sword":41,"minecraft:cooked_chicken":2,"minecraft:dirt":5,"minecraft:tuff":8,"minecraft:oak_fence_gate":4,"minecraft:iron_axe":215,"minecraft:sweet_berries":71,"minecraft:egg":1,"minecraft:cooked_beef":2,"minecraft:cobbled_deepslate":207,"minecraft:calcite":3,"minecraft:birch_planks":13,"minecraft:stone_pickaxe":132,"minecraft:oak_planks":103,"minecraft:wooden_pickaxe":24,"minecraft:sugar_cane":2,"minecraft:oak_slab":26,"minecraft:crafting_table":10,"minecraft:oak_log":8,"minecraft:apple":6,"minecraft:iron_pickaxe":198,"minecraft:deepslate":2,"minecraft:stone_axe":137,"minecraft:cobblestone":43},"minecraft:killed_by":{"minecraft:creeper":1,"minecraft:enderman":1,"minecraft:drowned":1,"iceandfire:fire_dragon":1},"minecraft:broken":{"minecraft:stone_pickaxe":1},"minecraft:dropped":{"minecraft:iron_ingot":2,"minecraft:oak_fence":1,"minecraft:lantern":2,"minecraft:leather":3,"minecraft:granite":6,"iceandfire:ectoplasm":2,"minecraft:stick":1,"minecraft:torch":2,"minecraft:gold_nugget":13,"minecraft:amethyst_shard":24,"minecraft:sand":3,"minecraft:iron_axe":1,"minecraft:iron_pickaxe":2,"ars_nouveau:source_gem":8,"minecraft:stone_axe":1,"minecraft:tuff":14,"minecraft:oak_planks":75,"minecraft:gunpowder":1,"ars_nouveau:starbuncle_shards":1},"minecraft:custom":{"minecraft:mob_kills":17,"minecraft:interact_with_crafting_table":42,"minecraft:time_since_death":1683,"minecraft:sprint_one_cm":264578,"minecraft:walk_one_cm":613144,"minecraft:damage_blocked_by_shield":630,"minecraft:drop":43,"minecraft:play_time":127649,"minecraft:sneak_time":1013,"minecraft:deaths":5,"minecraft:walk_under_water_one_cm":17363,"minecraft:jump":1993,"minecraft:interact_with_blast_furnace":15,"minecraft:walk_on_water_one_cm":64242,"minecraft:total_world_time":127649,"minecraft:interact_with_furnace":16,"minecraft:sleep_in_bed":1,"minecraft:time_since_rest":1725,"minecraft:damage_taken":1935,"minecraft:damage_dealt":3075,"minecraft:swim_one_cm":70412,"minecraft:fly_one_cm":290042,"minecraft:open_chest":48,"minecraft:crouch_one_cm":4896,"minecraft:interact_with_smoker":3,"minecraft:fall_one_cm":52848},"minecraft:crafted":{"minecraft:oak_planks":428,"minecraft:iron_nugget":9,"minecraft:cooked_chicken":2,"minecraft:lantern":1,"ars_nouveau:novice_spell_book":1,"minecraft:polished_deepslate":128,"minecraft:iron_axe":2,"minecraft:stone_pickaxe":1,"minecraft:chest":34,"minecraft:oak_fence":3,"minecraft:oak_slab":24,"minecraft:deepslate":26,"minecraft:crafting_table":7,"minecraft:wooden_pickaxe":1,"minecraft:iron_sword":2,"minecraft:birch_planks":24,"minecraft:stone_axe":1,"minecraft:air":0,"minecraft:oak_fence_gate":4,"minecraft:book":1,"minecraft:paper":3,"minecraft:shield":1,"minecraft:stick":8,"minecraft:iron_ingot":34,"minecraft:iron_pickaxe":2,"minecraft:iron_shovel":1,"minecraft:torch":4},"minecraft:mined":{"minecraft:large_amethyst_bud":3,"minecraft:tuff":12,"minecraft:granite":6,"minecraft:grass_block":1,"minecraft:iron_ore":27,"minecraft:cobbled_deepslate":37,"minecraft:polished_deepslate":5,"minecraft:deepslate_iron_ore":22,"minecraft:vine":1,"minecraft:stone":49,"minecraft:oak_slab":4,"ars_nouveau:light_block":16,"minecraft:medium_amethyst_bud":4,"minecraft:amethyst_cluster":6,"minecraft:crafting_table":2,"minecraft:calcite":3,"iceandfire:ghost_chest":1,"minecraft:chest":15,"minecraft:tall_grass":1,"minecraft:deepslate_gold_ore":2,"minecraft:lapis_ore":4,"minecraft:oak_planks":41,"minecraft:sugar_cane":15,"minecraft:amethyst_block":3,"ars_nouveau:blue_archwood_log":56,"minecraft:birch_log":6,"minecraft:sweet_berry_bush":2,"minecraft:grass":6,"minecraft:coal_ore":15,"minecraft:oak_log":173,"minecraft:dirt":4,"minecraft:smooth_basalt":2,"minecraft:oak_leaves":12,"minecraft:deepslate":147}},"DataVersion":3465}