{"stats":{"minecraft:dropped":{"minecraft:lantern":2,"minecraft:leather":3,"minecraft:torch":2,"minecraft:amethyst_shard":24,"ars_nouveau:source_gem":8},"minecraft:custom":{"minecraft:interact_with_furnace":1,"minecraft:mob_kills":1,"minecraft:interact_with_crafting_table":9,"minecraft:time_since_death":26991,"minecraft:time_since_rest":27023,"minecraft:sprint_one_cm":114792,"minecraft:damage_taken":870,"minecraft:walk_one_cm":179822,"minecraft:drop":14,"minecraft:damage_dealt":237,"minecraft:swim_one_cm":7944,"minecraft:fly_one_cm":100418,"minecraft:open_chest":16,"minecraft:play_time":47478,"minecraft:deaths":1,"minecraft:walk_under_water_one_cm":5660,"minecraft:jump":893,"minecraft:interact_with_blast_furnace":6,"minecraft:walk_on_water_one_cm":13458,"minecraft:total_world_time":47478,"minecraft:interact_with_smoker":1,"minecraft:fall_one_cm":31216},"minecraft:killed":{"minecraft:skeleton":1},"minecraft:mined":{"minecraft:large_amethyst_bud":3,"minecraft:medium_amethyst_bud":4,"ars_nouveau:light_block":4,"minecraft:amethyst_cluster":6,"minecraft:granite":6,"minecraft:grass_block":1,"minecraft:calcite":3,"minecraft:lapis_ore":4,"minecraft:amethyst_block":3,"minecraft:iron_ore":27,"minecraft:birch_log":6,"minecraft:grass":2,"minecraft:coal_ore":15,"minecraft:oak_log":102,"minecraft:deepslate_iron_ore":21,"minecraft:dirt":4,"minecraft:smooth_basalt":2,"minecraft:stone":49,"minecraft:oak_leaves":5,"minecraft:deepslate":113},"minecraft:picked_up":{"minecraft:birch_log":6,"minecraft:cooked_beef":2,"minecraft:leather":7,"minecraft:wooden_pickaxe":1,"minecraft:birch_planks":13,"minecraft:oak_log":196,"minecraft:amethyst_block":4,"minecraft:dirt":5,"minecraft:lapis_lazuli":40,"minecraft:lantern":2,"minecraft:bone":4,"minecraft:apple":6,"minecraft:bow":2,"ars_nouveau:source_gem":8,"minecraft:cobbled_deepslate":116,"minecraft:iron_ingot":30,"minecraft:stone_pickaxe":1,"minecraft:calcite":6,"minecraft:birch_sapling":10,"minecraft:stick":64,"minecraft:raw_iron":85,"minecraft:smooth_basalt":4,"minecraft:sweet_berries":3,"minecraft:torch":2,"minecraft:amethyst_shard":24,"ars_nouveau:glyph_light":3,"minecraft:arrow":2,"minecraft:stone_axe":1,"ars_nouveau:worn_notebook":1,"minecraft:granite":12,"minecraft:oak_sapling":72,"minecraft:coal":23,"minecraft:cobblestone":81},"minecraft:crafted":{"minecraft:oak_planks":8,"minecraft:iron_nugget":9,"minecraft:crafting_table":2,"minecraft:wooden_pickaxe":1,"minecraft:cooked_chicken":2,"minecraft:iron_sword":1,"minecraft:birch_planks":24,"minecraft:stone_axe":1,"minecraft:air":0,"minecraft:lantern":1,"ars_nouveau:novice_spell_book":1,"minecraft:book":1,"minecraft:paper":3,"minecraft:iron_axe":1,"minecraft:stick":8,"minecraft:iron_ingot":34,"minecraft:iron_pickaxe":2,"minecraft:stone_pickaxe":1,"minecraft:iron_shovel":1,"minecraft:torch":4},"minecraft:used":{"minecraft:calcite":3,"minecraft:birch_planks":13,"minecraft:stone_pickaxe":131,"minecraft:wooden_pickaxe":24,"minecraft:sugar_cane":2,"minecraft:cooked_chicken":2,"minecraft:dirt":5,"minecraft:crafting_table":2,"minecraft:oak_log":8,"minecraft:apple":6,"minecraft:iron_pickaxe":103,"minecraft:stone_axe":127,"minecraft:cobblestone":43,"minecraft:sweet_berries":19,"minecraft:cooked_beef":2,"minecraft:cobbled_deepslate":19}},"DataVersion":3465}