{"stats":{"minecraft:used":{"minecraft:oak_fence":2,"iceandfire:silver_sword":1,"minecraft:polished_deepslate":119,"minecraft:chest":49,"minecraft:shield":13,"minecraft:iron_sword":41,"minecraft:cooked_chicken":2,"minecraft:dirt":14,"minecraft:tuff":8,"minecraft:oak_fence_gate":4,"minecraft:iron_axe":597,"minecraft:sweet_berries":99,"minecraft:egg":1,"minecraft:cooked_beef":2,"minecraft:cobbled_deepslate":207,"minecraft:calcite":3,"minecraft:water_bucket":1,"minecraft:birch_planks":13,"minecraft:stone_pickaxe":132,"minecraft:oak_planks":103,"minecraft:wooden_pickaxe":24,"minecraft:sugar_cane":2,"minecraft:oak_slab":26,"minecraft:crafting_table":11,"minecraft:oak_log":8,"minecraft:apple":6,"minecraft:iron_pickaxe":198,"minecraft:bread":1,"minecraft:deepslate":2,"minecraft:gravel":3,"minecraft:stone_axe":137,"minecraft:cobblestone":43,"minecraft:bucket":1},"minecraft:killed":{"minecraft:skeleton":3,"minecraft:chicken":6,"minecraft:drowned":4,"minecraft:creeper":4,"minecraft:sheep":3,"minecraft:zombie":1},"minecraft:broken":{"minecraft:stone_pickaxe":1},"minecraft:custom":{"minecraft:mob_kills":21,"minecraft:interact_with_crafting_table":46,"minecraft:leave_game":1,"minecraft:time_since_death":12816,"minecraft:sprint_one_cm":416070,"minecraft:walk_one_cm":694086,"minecraft:damage_blocked_by_shield":630,"minecraft:drop":47,"minecraft:play_time":158154,"minecraft:deaths":8,"minecraft:sneak_time":1013,"minecraft:walk_under_water_one_cm":27514,"minecraft:jump":2801,"minecraft:interact_with_blast_furnace":15,"minecraft:walk_on_water_one_cm":86085,"minecraft:total_world_time":158154,"minecraft:interact_with_furnace":16,"minecraft:sleep_in_bed":1,"minecraft:time_since_rest":12868,"minecraft:damage_taken":3105,"minecraft:damage_dealt":3575,"minecraft:swim_one_cm":118491,"minecraft:fly_one_cm":490630,"minecraft:open_chest":66,"minecraft:crouch_one_cm":4896,"minecraft:interact_with_smoker":3,"minecraft:fall_one_cm":74535},"minecraft:mined":{"minecraft:large_amethyst_bud":3,"minecraft:tuff":12,"gravestone:gravestone":1,"minecraft:granite":6,"minecraft:grass_block":7,"minecraft:iron_ore":27,"minecraft:cobbled_deepslate":37,"minecraft:polished_deepslate":5,"minecraft:deepslate_iron_ore":22,"minecraft:vine":1,"minecraft:stone":49,"minecraft:oak_slab":4,"minecraft:medium_amethyst_bud":4,"ars_nouveau:light_block":17,"minecraft:amethyst_cluster":6,"minecraft:crafting_table":2,"minecraft:calcite":3,"iceandfire:ghost_chest":1,"minecraft:chest":15,"minecraft:tall_grass":3,"minecraft:lapis_ore":4,"minecraft:deepslate_gold_ore":2,"minecraft:sugar_cane":15,"minecraft:oak_planks":41,"minecraft:amethyst_block":3,"ars_nouveau:blue_archwood_log":56,"minecraft:birch_log":43,"minecraft:sweet_berry_bush":9,"minecraft:grass":203,"minecraft:oak_log":301,"minecraft:coal_ore":15,"minecraft:gravel":3,"minecraft:dirt":10,"minecraft:smooth_basalt":2,"minecraft:oak_leaves":19,"minecraft:deepslate":147},"minecraft:crafted":{"minecraft:oak_planks":428,"minecraft:iron_nugget":9,"minecraft:cooked_chicken":2,"minecraft:lantern":1,"ars_nouveau:novice_spell_book":2,"minecraft:polished_deepslate":128,"minecraft:iron_axe":4,"minecraft:stone_pickaxe":1,"minecraft:chest":34,"minecraft:oak_fence":3,"minecraft:oak_slab":24,"minecraft:deepslate":26,"minecraft:crafting_table":7,"minecraft:wooden_pickaxe":1,"minecraft:iron_sword":4,"minecraft:birch_planks":24,"minecraft:stone_axe":1,"minecraft:air":0,"minecraft:oak_fence_gate":4,"minecraft:book":2,"minecraft:paper":6,"minecraft:shield":1,"minecraft:stick":12,"minecraft:iron_ingot":34,"minecraft:iron_pickaxe":3,"minecraft:iron_shovel":2,"minecraft:torch":4},"minecraft:killed_by":{"minecraft:creeper":1,"minecraft:enderman":1,"minecraft:drowned":1,"iceandfire:ghost":1,"iceandfire:fire_dragon":2},"minecraft:picked_up":{"minecraft:crafting_table":4,"minecraft:chicken":6,"minecraft:wooden_pickaxe":2,"ars_nouveau:blue_archwood_sapling":8,"minecraft:chain":1,"minecraft:amethyst_block":10,"minecraft:polished_deepslate":5,"minecraft:iron_axe":3,"minecraft:oak_sign":3,"iceandfire:graveyard_soil":6,"minecraft:gold_nugget":25,"minecraft:cobbled_deepslate":336,"ars_nouveau:starbuncle_shards":2,"minecraft:calcite":6,"minecraft:iron_pickaxe":5,"minecraft:sugar_cane":30,"minecraft:chest":17,"minecraft:birch_sapling":33,"minecraft:egg":2,"minecraft:stick":178,"minecraft:raw_iron":126,"iceandfire:ghost_chest":1,"minecraft:copper_ingot":1,"minecraft:oak_fence":1,"minecraft:torch":6,"ars_nouveau:blue_archwood_log":56,"ars_nouveau:frostaya_pod":5,"minecraft:black_dye":2,"minecraft:rotten_flesh":14,"minecraft:arrow":11,"ars_nouveau:worn_notebook":3,"minecraft:mutton":4,"minecraft:skeleton_skull":1,"minecraft:white_wool":3,"minecraft:cobblestone":81,"minecraft:birch_log":45,"minecraft:feather":7,"minecraft:cooked_beef":2,"minecraft:water_bucket":1,"minecraft:leather":13,"minecraft:birch_planks":13,"minecraft:flint":8,"minecraft:tuff":72,"minecraft:oak_log":395,"iceandfire:ectoplasm":2,"minecraft:gunpowder":8,"minecraft:lapis_lazuli":80,"minecraft:dirt":31,"minecraft:lantern":2,"minecraft:bone":21,"minecraft:apple":18,"minecraft:bow":5,"minecraft:wheat_seeds":20,"ars_nouveau:source_gem":8,"minecraft:raw_gold":6,"minecraft:iron_ingot":94,"minecraft:stone_pickaxe":1,"minecraft:cobweb":11,"minecraft:iron_sword":1,"minecraft:oak_planks":258,"minecraft:oak_slab":6,"minecraft:smooth_basalt":8,"minecraft:sweet_berries":154,"ars_nouveau:novice_spell_book":3,"minecraft:gravel":3,"minecraft:sand":3,"minecraft:amethyst_shard":24,"minecraft:ink_sac":7,"ars_nouveau:glyph_light":3,"minecraft:diamond":3,"minecraft:stone_axe":4,"iceandfire:silver_sword":1,"minecraft:granite":24,"minecraft:oak_sapling":251,"minecraft:coal":37},"minecraft:dropped":{"minecraft:iron_ingot":2,"minecraft:wheat_seeds":20,"minecraft:diamond":3,"minecraft:oak_fence":1,"minecraft:lantern":2,"minecraft:leather":3,"minecraft:granite":6,"iceandfire:ectoplasm":2,"minecraft:stick":1,"minecraft:torch":2,"minecraft:gold_nugget":13,"minecraft:amethyst_shard":24,"minecraft:iron_axe":1,"minecraft:sand":3,"minecraft:iron_pickaxe":2,"ars_nouveau:source_gem":8,"minecraft:stone_axe":1,"minecraft:tuff":14,"minecraft:oak_planks":75,"minecraft:gunpowder":1,"ars_nouveau:starbuncle_shards":1}},"DataVersion":3465}