{"stats":{"minecraft:used":{"minecraft:oak_fence":2,"iceandfire:silver_sword":1,"minecraft:polished_deepslate":119,"minecraft:chest":49,"minecraft:shield":48,"minecraft:iron_sword":149,"minecraft:rotten_flesh":14,"ars_nouveau:arcanist_boots":1,"minecraft:cooked_salmon":3,"minecraft:cooked_chicken":2,"minecraft:dirt":15,"minecraft:tuff":8,"minecraft:oak_fence_gate":4,"minecraft:iron_axe":598,"minecraft:iron_helmet":1,"minecraft:bow":3,"ars_nouveau:arcanist_leggings":1,"minecraft:sweet_berries":129,"minecraft:egg":2,"minecraft:cooked_beef":2,"minecraft:cobbled_deepslate":261,"minecraft:iron_leggings":1,"minecraft:calcite":3,"minecraft:water_bucket":1,"minecraft:diorite":1,"minecraft:birch_planks":13,"minecraft:stone_pickaxe":132,"minecraft:oak_planks":103,"minecraft:wooden_pickaxe":24,"minecraft:sugar_cane":2,"ars_nouveau:arcanist_hood":1,"minecraft:oak_slab":26,"minecraft:crafting_table":13,"minecraft:oak_log":8,"minecraft:apple":16,"minecraft:iron_pickaxe":302,"minecraft:bread":1,"minecraft:deepslate":2,"minecraft:gravel":3,"minecraft:stone_axe":137,"minecraft:fishing_rod":2,"minecraft:cobblestone":63,"minecraft:bucket":1,"ars_nouveau:arcanist_robes":1,"minecraft:bone_meal":2},"minecraft:killed":{"minecraft:spider":7,"minecraft:skeleton":8,"minecraft:chicken":6,"minecraft:drowned":4,"minecraft:zombie_villager":1,"minecraft:creeper":6,"minecraft:sheep":3,"minecraft:zombie":17},"minecraft:broken":{"minecraft:stone_pickaxe":1},"minecraft:custom":{"minecraft:mob_kills":53,"minecraft:interact_with_crafting_table":53,"minecraft:leave_game":1,"minecraft:time_since_death":29732,"minecraft:sprint_one_cm":689646,"minecraft:walk_one_cm":1045742,"minecraft:damage_blocked_by_shield":2880,"minecraft:drop":72,"minecraft:play_time":356154,"minecraft:deaths":16,"minecraft:sneak_time":1039,"minecraft:walk_under_water_one_cm":36954,"minecraft:jump":5257,"minecraft:interact_with_brewingstand":4,"minecraft:interact_with_blast_furnace":16,"minecraft:walk_on_water_one_cm":142439,"minecraft:total_world_time":356154,"minecraft:interact_with_furnace":17,"minecraft:sleep_in_bed":1,"minecraft:time_since_rest":29766,"minecraft:damage_taken":6505,"minecraft:damage_dealt":10141,"minecraft:swim_one_cm":178793,"minecraft:fly_one_cm":891672,"minecraft:open_chest":83,"minecraft:crouch_one_cm":4896,"minecraft:interact_with_smoker":3,"minecraft:fall_one_cm":142389},"minecraft:mined":{"minecraft:large_amethyst_bud":4,"minecraft:tuff":12,"gravestone:gravestone":9,"minecraft:granite":8,"minecraft:grass_block":7,"minecraft:redstone_ore":2,"minecraft:iron_ore":61,"minecraft:cobbled_deepslate":41,"minecraft:deepslate_lapis_ore":3,"minecraft:polished_deepslate":5,"minecraft:deepslate_iron_ore":42,"minecraft:vine":1,"minecraft:stone":53,"minecraft:deepslate_redstone_ore":8,"minecraft:oak_slab":4,"minecraft:medium_amethyst_bud":4,"ars_nouveau:light_block":18,"minecraft:amethyst_cluster":10,"minecraft:dandelion":1,"minecraft:crafting_table":4,"minecraft:calcite":3,"minecraft:poppy":6,"iceandfire:ghost_chest":1,"minecraft:chest":15,"minecraft:cobblestone":2,"minecraft:tall_grass":11,"minecraft:lapis_ore":4,"minecraft:deepslate_gold_ore":3,"minecraft:sugar_cane":15,"minecraft:oak_planks":41,"minecraft:diorite":1,"minecraft:amethyst_block":3,"minecraft:deepslate_copper_ore":1,"ars_nouveau:blue_archwood_log":56,"minecraft:birch_log":43,"minecraft:sweet_berry_bush":10,"minecraft:grass":230,"minecraft:oak_log":301,"minecraft:coal_ore":15,"minecraft:gravel":4,"minecraft:dirt":10,"minecraft:smooth_basalt":2,"minecraft:gold_ore":2,"minecraft:oak_leaves":19,"minecraft:deepslate":158},"minecraft:crafted":{"minecraft:oak_planks":428,"minecraft:fishing_rod":1,"minecraft:iron_nugget":9,"ars_nouveau:magebloom_fiber":16,"minecraft:cooked_chicken":2,"minecraft:bone_meal":9,"minecraft:lantern":1,"minecraft:bow":1,"minecraft:iron_boots":1,"ars_nouveau:novice_spell_book":2,"minecraft:polished_deepslate":128,"minecraft:iron_axe":4,"minecraft:stone_pickaxe":1,"minecraft:chest":34,"minecraft:oak_fence":3,"minecraft:red_dye":6,"minecraft:oak_slab":24,"minecraft:deepslate":26,"ars_nouveau:arcanist_leggings":1,"minecraft:crafting_table":8,"minecraft:iron_helmet":2,"minecraft:wooden_pickaxe":1,"minecraft:iron_sword":4,"ars_nouveau:arcanist_robes":1,"ars_nouveau:arcanist_boots":1,"ars_nouveau:arcanist_hood":1,"minecraft:birch_planks":24,"minecraft:stone_axe":1,"minecraft:air":0,"minecraft:oak_fence_gate":4,"minecraft:iron_chestplate":1,"minecraft:book":2,"minecraft:paper":6,"minecraft:shield":2,"minecraft:stick":16,"minecraft:iron_ingot":34,"minecraft:iron_pickaxe":5,"minecraft:iron_shovel":2,"minecraft:iron_leggings":1,"minecraft:torch":4},"minecraft:killed_by":{"minecraft:creeper":4,"minecraft:enderman":1,"minecraft:drowned":1,"minecraft:skeleton":2,"minecraft:phantom":1,"minecraft:zombie":2,"iceandfire:ghost":1,"iceandfire:fire_dragon":2},"minecraft:picked_up":{"minecraft:crafting_table":6,"minecraft:chicken":6,"minecraft:wooden_pickaxe":2,"ars_nouveau:blue_archwood_sapling":8,"gravestone:obituary":7,"minecraft:chain":1,"minecraft:amethyst_block":10,"minecraft:polished_deepslate":5,"minecraft:string":7,"minecraft:raw_copper":28,"minecraft:iron_axe":3,"minecraft:cooked_salmon":3,"minecraft:oak_sign":3,"iceandfire:graveyard_soil":6,"minecraft:gold_nugget":25,"minecraft:cobbled_deepslate":393,"ars_nouveau:starbuncle_shards":2,"minecraft:calcite":6,"minecraft:poppy":6,"minecraft:iron_pickaxe":5,"minecraft:sugar_cane":30,"minecraft:chest":17,"minecraft:birch_sapling":33,"minecraft:egg":2,"minecraft:stick":178,"minecraft:raw_iron":219,"iceandfire:ghost_chest":1,"minecraft:copper_ingot":1,"minecraft:oak_fence":1,"minecraft:torch":6,"ars_nouveau:blue_archwood_log":56,"ars_nouveau:frostaya_pod":5,"minecraft:pointed_dripstone":2,"minecraft:diorite":1,"minecraft:redstone":46,"minecraft:black_dye":2,"minecraft:rotten_flesh":28,"minecraft:arrow":15,"ars_nouveau:arcanist_leggings":1,"ars_nouveau:worn_notebook":3,"minecraft:mutton":4,"minecraft:skeleton_skull":1,"minecraft:white_wool":3,"minecraft:cobblestone":101,"minecraft:birch_log":45,"ars_nouveau:arcanist_hood":1,"minecraft:feather":7,"minecraft:cooked_beef":2,"minecraft:water_bucket":1,"minecraft:leather":13,"minecraft:birch_planks":13,"ars_nouveau:magebloom":4,"minecraft:flint":8,"minecraft:tuff":72,"minecraft:oak_log":395,"iceandfire:ectoplasm":2,"minecraft:gunpowder":9,"minecraft:lapis_lazuli":140,"minecraft:dirt":31,"minecraft:lantern":2,"ars_nouveau:arcanist_robes":1,"ars_nouveau:arcanist_boots":1,"minecraft:bone":32,"minecraft:apple":18,"minecraft:bow":5,"minecraft:wheat_seeds":25,"ars_nouveau:source_gem":8,"minecraft:raw_gold":39,"minecraft:iron_ingot":94,"minecraft:stone_pickaxe":1,"minecraft:cobweb":11,"minecraft:iron_sword":1,"minecraft:oak_planks":258,"minecraft:oak_slab":6,"minecraft:smooth_basalt":8,"minecraft:sweet_berries":154,"ars_nouveau:novice_spell_book":4,"minecraft:gravel":4,"minecraft:sand":3,"minecraft:amethyst_shard":40,"minecraft:ink_sac":7,"minecraft:spider_eye":1,"ars_nouveau:glyph_light":3,"minecraft:diamond":3,"minecraft:stone_axe":4,"iceandfire:silver_sword":1,"minecraft:granite":37,"minecraft:emerald":4,"minecraft:oak_sapling":251,"minecraft:coal":39,"iceandfire:raw_silver":5},"minecraft:dropped":{"minecraft:iron_ingot":2,"ars_nouveau:novice_spell_book":1,"minecraft:wheat_seeds":25,"minecraft:diamond":3,"minecraft:oak_fence":1,"minecraft:lantern":2,"minecraft:leather":3,"minecraft:granite":6,"iceandfire:ectoplasm":2,"minecraft:stick":1,"minecraft:emerald":4,"minecraft:torch":2,"gravestone:obituary":14,"minecraft:gold_nugget":13,"minecraft:amethyst_shard":24,"minecraft:iron_axe":1,"minecraft:sand":3,"minecraft:iron_pickaxe":2,"ars_nouveau:source_gem":8,"minecraft:stone_axe":1,"minecraft:raw_copper":1,"minecraft:tuff":14,"minecraft:oak_planks":75,"minecraft:gunpowder":1,"ars_nouveau:starbuncle_shards":1}},"DataVersion":3465}