{"stats":{"minecraft:picked_up":{"minecraft:birch_log":6,"minecraft:crafting_table":3,"minecraft:cooked_beef":2,"minecraft:leather":13,"minecraft:wooden_pickaxe":2,"minecraft:birch_planks":13,"minecraft:flint":6,"minecraft:tuff":72,"minecraft:oak_log":271,"minecraft:gunpowder":6,"minecraft:amethyst_block":10,"minecraft:polished_deepslate":5,"minecraft:lapis_lazuli":80,"minecraft:dirt":5,"minecraft:lantern":2,"minecraft:iron_axe":1,"minecraft:bone":8,"minecraft:oak_sign":3,"minecraft:apple":7,"minecraft:bow":4,"minecraft:gold_nugget":5,"ars_nouveau:source_gem":8,"minecraft:cobbled_deepslate":336,"minecraft:raw_gold":6,"minecraft:iron_ingot":39,"minecraft:stone_pickaxe":1,"minecraft:calcite":6,"minecraft:iron_pickaxe":2,"minecraft:chest":17,"minecraft:birch_sapling":20,"minecraft:oak_planks":205,"minecraft:oak_slab":4,"minecraft:stick":120,"minecraft:raw_iron":113,"minecraft:smooth_basalt":8,"minecraft:sweet_berries":3,"minecraft:oak_fence":1,"minecraft:copper_ingot":1,"minecraft:torch":6,"minecraft:sand":3,"ars_nouveau:novice_spell_book":2,"minecraft:amethyst_shard":24,"minecraft:ink_sac":3,"minecraft:black_dye":2,"ars_nouveau:glyph_light":3,"minecraft:arrow":5,"minecraft:rotten_flesh":4,"minecraft:stone_axe":3,"ars_nouveau:worn_notebook":3,"minecraft:granite":24,"minecraft:oak_sapling":172,"minecraft:coal":37,"minecraft:cobblestone":81},"minecraft:killed":{"minecraft:creeper":1,"minecraft:skeleton":1,"minecraft:drowned":4},"minecraft:used":{"minecraft:calcite":3,"minecraft:oak_fence":2,"minecraft:polished_deepslate":119,"minecraft:birch_planks":13,"minecraft:stone_pickaxe":132,"minecraft:oak_planks":103,"minecraft:chest":49,"minecraft:wooden_pickaxe":24,"minecraft:sugar_cane":2,"minecraft:cooked_chicken":2,"minecraft:dirt":5,"minecraft:oak_slab":26,"minecraft:crafting_table":9,"minecraft:tuff":8,"minecraft:oak_fence_gate":4,"minecraft:oak_log":8,"minecraft:apple":6,"minecraft:iron_axe":157,"minecraft:iron_pickaxe":198,"minecraft:deepslate":2,"minecraft:stone_axe":137,"minecraft:cobblestone":43,"minecraft:sweet_berries":19,"minecraft:cooked_beef":2,"minecraft:cobbled_deepslate":207},"minecraft:killed_by":{"minecraft:enderman":1,"minecraft:drowned":1},"minecraft:dropped":{"minecraft:tuff":14,"minecraft:oak_fence":1,"minecraft:oak_planks":75,"minecraft:lantern":2,"minecraft:leather":3,"minecraft:granite":6,"minecraft:gunpowder":1,"minecraft:torch":2,"minecraft:amethyst_shard":24,"minecraft:sand":3,"ars_nouveau:source_gem":8},"minecraft:broken":{"minecraft:stone_pickaxe":1},"minecraft:custom":{"minecraft:interact_with_furnace":14,"minecraft:mob_kills":6,"minecraft:interact_with_crafting_table":40,"minecraft:time_since_death":32956,"minecraft:sleep_in_bed":1,"minecraft:time_since_rest":13907,"minecraft:sprint_one_cm":183918,"minecraft:damage_taken":1380,"minecraft:walk_one_cm":531464,"minecraft:drop":21,"minecraft:damage_dealt":1581,"minecraft:swim_one_cm":40958,"minecraft:fly_one_cm":147256,"minecraft:open_chest":37,"minecraft:crouch_one_cm":3854,"minecraft:play_time":103649,"minecraft:deaths":3,"minecraft:sneak_time":708,"minecraft:walk_under_water_one_cm":16645,"minecraft:jump":1370,"minecraft:interact_with_blast_furnace":11,"minecraft:walk_on_water_one_cm":53457,"minecraft:total_world_time":103649,"minecraft:interact_with_smoker":2,"minecraft:fall_one_cm":37235},"minecraft:crafted":{"minecraft:oak_slab":24,"minecraft:oak_planks":428,"minecraft:deepslate":26,"minecraft:iron_nugget":9,"minecraft:crafting_table":6,"minecraft:wooden_pickaxe":1,"minecraft:cooked_chicken":2,"minecraft:iron_sword":1,"minecraft:birch_planks":24,"minecraft:stone_axe":1,"minecraft:air":0,"minecraft:oak_fence_gate":4,"minecraft:lantern":1,"minecraft:polished_deepslate":128,"minecraft:paper":3,"ars_nouveau:novice_spell_book":1,"minecraft:book":1,"minecraft:iron_axe":2,"minecraft:stick":8,"minecraft:iron_ingot":34,"minecraft:iron_pickaxe":2,"minecraft:stone_pickaxe":1,"minecraft:chest":34,"minecraft:iron_shovel":1,"minecraft:torch":4,"minecraft:oak_fence":3},"minecraft:mined":{"minecraft:oak_slab":4,"minecraft:large_amethyst_bud":3,"minecraft:tuff":12,"minecraft:medium_amethyst_bud":4,"ars_nouveau:light_block":16,"minecraft:amethyst_cluster":6,"minecraft:crafting_table":2,"minecraft:granite":6,"minecraft:grass_block":1,"minecraft:calcite":3,"minecraft:chest":15,"minecraft:lapis_ore":4,"minecraft:deepslate_gold_ore":2,"minecraft:oak_planks":41,"minecraft:amethyst_block":3,"minecraft:birch_log":6,"minecraft:iron_ore":27,"minecraft:cobbled_deepslate":37,"minecraft:polished_deepslate":5,"minecraft:grass":2,"minecraft:oak_log":173,"minecraft:coal_ore":15,"minecraft:deepslate_iron_ore":22,"minecraft:dirt":4,"minecraft:smooth_basalt":2,"minecraft:stone":49,"minecraft:oak_leaves":12,"minecraft:deepslate":147}},"DataVersion":3465}