{"stats":{"minecraft:custom":{"minecraft:time_since_rest":2935,"minecraft:play_time":2935,"minecraft:sprint_one_cm":6160,"minecraft:damage_taken":40,"minecraft:walk_one_cm":3503,"minecraft:sneak_time":2,"minecraft:walk_under_water_one_cm":397,"minecraft:mob_kills":1,"minecraft:jump":47,"minecraft:damage_dealt":39,"minecraft:leave_game":1,"minecraft:time_since_death":2935,"minecraft:walk_on_water_one_cm":2247,"minecraft:total_world_time":2935,"minecraft:interact_with_crafting_table":1,"minecraft:swim_one_cm":3643,"minecraft:fly_one_cm":6072,"minecraft:fall_one_cm":1573},"minecraft:crafted":{"minecraft:birch_planks":28,"minecraft:crafting_table":1,"minecraft:stick":8,"minecraft:wooden_pickaxe":1},"minecraft:killed":{"minecraft:chicken":1},"minecraft:picked_up":{"minecraft:birch_log":7,"minecraft:feather":1,"minecraft:chicken":1,"minecraft:cobblestone":10},"minecraft:mined":{"minecraft:birch_log":7,"minecraft:stone":10,"minecraft:birch_leaves":1,"minecraft:fern":1},"minecraft:used":{"minecraft:crafting_table":1,"minecraft:wooden_pickaxe":10}},"DataVersion":3465}