{"stats":{"minecraft:picked_up":{"minecraft:oak_log":4,"minecraft:coal":18,"minecraft:cobblestone":14},"minecraft:killed_by":{"minecraft:zombie":1},"minecraft:used":{"minecraft:stone_sword":4,"minecraft:crafting_table":1,"minecraft:stone_pickaxe":27,"minecraft:wooden_pickaxe":5},"minecraft:mined":{"minecraft:grass":3,"minecraft:oak_log":4,"minecraft:coal_ore":18,"minecraft:spruce_leaves":12,"minecraft:stone":14},"minecraft:custom":{"minecraft:time_since_rest":2091,"minecraft:deaths":1,"minecraft:sprint_one_cm":23340,"minecraft:play_time":7233,"minecraft:damage_taken":435,"minecraft:walk_one_cm":10703,"minecraft:walk_under_water_one_cm":1441,"minecraft:jump":140,"minecraft:damage_dealt":317,"minecraft:leave_game":2,"minecraft:walk_on_water_one_cm":766,"minecraft:time_since_death":2055,"minecraft:total_world_time":7233,"minecraft:swim_one_cm":6098,"minecraft:interact_with_crafting_table":2,"minecraft:fall_one_cm":5904,"minecraft:fly_one_cm":22426},"minecraft:crafted":{"minecraft:stone_sword":1,"minecraft:oak_planks":16,"minecraft:crafting_table":1,"minecraft:stick":8,"minecraft:wooden_pickaxe":1,"minecraft:stone_pickaxe":1}},"DataVersion":3465}