{"stats":{"minecraft:killed_by":{"minecraft:creeper":1},"minecraft:custom":{"minecraft:time_since_rest":7901,"minecraft:interact_with_furnace":8,"minecraft:sprint_one_cm":27592,"minecraft:damage_taken":550,"minecraft:walk_one_cm":16644,"minecraft:mob_kills":3,"minecraft:damage_dealt":402,"minecraft:interact_with_crafting_table":3,"minecraft:swim_one_cm":8003,"minecraft:fly_one_cm":53555,"minecraft:open_chest":11,"minecraft:crouch_one_cm":982,"minecraft:play_time":21597,"minecraft:deaths":2,"minecraft:sneak_time":889,"minecraft:walk_under_water_one_cm":10317,"minecraft:jump":316,"minecraft:leave_game":1,"minecraft:walk_on_water_one_cm":10279,"minecraft:time_since_death":9918,"minecraft:sleep_in_bed":1,"minecraft:total_world_time":21597,"minecraft:fall_one_cm":12072},"minecraft:mined":{"minecraft:birch_log":6,"minecraft:iron_ore":18,"minecraft:birch_leaves":1,"minecraft:coal_ore":17,"minecraft:cobblestone":7,"minecraft:copper_ore":19,"minecraft:lapis_ore":6,"minecraft:stone":37,"minecraft:diorite":4},"minecraft:killed":{"minecraft:zombie":1,"minecraft:zombie_villager":1},"minecraft:picked_up":{"minecraft:wooden_axe":2,"minecraft:birch_log":6,"minecraft:stick":8,"minecraft:raw_iron":47,"minecraft:wooden_pickaxe":2,"minecraft:diorite":8,"ars_nouveau:archwood_planks":192,"minecraft:lapis_lazuli":93,"minecraft:raw_copper":196,"minecraft:rotten_flesh":6,"minecraft:stone_axe":2,"ars_nouveau:worn_notebook":2,"minecraft:raw_gold":10,"minecraft:stone_pickaxe":4,"minecraft:coal":34,"minecraft:cobblestone":72},"minecraft:used":{"minecraft:stone_pickaxe":97,"minecraft:wooden_pickaxe":11,"minecraft:stone_axe":18,"minecraft:torch":1,"minecraft:cobblestone":13,"minecraft:crafting_table":1},"minecraft:crafted":{"minecraft:glass":5,"minecraft:crafting_table":1,"minecraft:stick":12,"minecraft:wooden_pickaxe":1,"minecraft:stone_pickaxe":1,"minecraft:wooden_axe":1,"minecraft:birch_planks":24,"minecraft:stone_axe":1,"minecraft:air":0}},"DataVersion":3465}