{"stats":{"minecraft:custom":{"minecraft:open_chest":9,"minecraft:time_since_rest":5280,"minecraft:interact_with_furnace":5,"minecraft:play_time":5280,"minecraft:sprint_one_cm":3998,"minecraft:walk_one_cm":6740,"minecraft:sneak_time":26,"minecraft:walk_under_water_one_cm":519,"minecraft:jump":61,"minecraft:damage_dealt":19,"minecraft:time_since_death":5280,"minecraft:walk_on_water_one_cm":3537,"minecraft:total_world_time":5280,"minecraft:swim_one_cm":2234,"minecraft:interact_with_crafting_table":3,"minecraft:fall_one_cm":1470,"minecraft:fly_one_cm":7052},"minecraft:mined":{"minecraft:birch_log":6,"minecraft:copper_ore":9,"minecraft:lapis_ore":2,"minecraft:stone":23,"minecraft:birch_leaves":1},"minecraft:picked_up":{"minecraft:birch_log":6,"minecraft:raw_iron":15,"minecraft:raw_gold":10,"minecraft:stone_pickaxe":1,"minecraft:lapis_lazuli":13,"minecraft:raw_copper":32,"ars_nouveau:archwood_planks":64,"minecraft:cobblestone":23},"minecraft:crafted":{"minecraft:glass":5,"minecraft:birch_planks":24,"minecraft:crafting_table":1,"minecraft:stone_axe":1,"minecraft:stick":12,"minecraft:air":0,"minecraft:wooden_pickaxe":1,"minecraft:stone_pickaxe":1,"minecraft:wooden_axe":1},"minecraft:used":{"minecraft:stone_axe":1,"minecraft:crafting_table":1,"minecraft:stone_pickaxe":23,"minecraft:wooden_pickaxe":11}},"DataVersion":3465}