{"stats":{"minecraft:killed_by":{"minecraft:creeper":1},"minecraft:custom":{"minecraft:time_since_rest":15713,"minecraft:interact_with_furnace":9,"minecraft:sprint_one_cm":36157,"minecraft:damage_taken":550,"minecraft:walk_one_cm":18983,"minecraft:mob_kills":4,"minecraft:damage_dealt":442,"minecraft:swim_one_cm":9378,"minecraft:interact_with_crafting_table":8,"minecraft:fly_one_cm":69506,"minecraft:open_chest":12,"minecraft:crouch_one_cm":982,"minecraft:play_time":29409,"minecraft:deaths":2,"minecraft:sneak_time":889,"minecraft:walk_under_water_one_cm":10575,"minecraft:jump":429,"minecraft:leave_game":3,"minecraft:time_since_death":17730,"minecraft:walk_on_water_one_cm":12359,"minecraft:sleep_in_bed":1,"minecraft:total_world_time":29409,"minecraft:fall_one_cm":14487},"minecraft:mined":{"minecraft:birch_log":6,"minecraft:iron_ore":18,"minecraft:birch_leaves":1,"minecraft:oak_log":6,"minecraft:coal_ore":17,"minecraft:copper_ore":19,"minecraft:cobblestone":7,"minecraft:lapis_ore":6,"minecraft:stone":37,"minecraft:diorite":4},"minecraft:killed":{"minecraft:zombie":1,"minecraft:chicken":1,"minecraft:zombie_villager":1},"minecraft:picked_up":{"minecraft:wooden_axe":2,"minecraft:birch_log":6,"minecraft:stick":10,"minecraft:raw_iron":47,"minecraft:feather":1,"minecraft:chicken":1,"minecraft:wooden_pickaxe":2,"minecraft:oak_log":6,"minecraft:diorite":8,"ars_nouveau:archwood_planks":192,"minecraft:lapis_lazuli":93,"minecraft:raw_copper":196,"minecraft:rotten_flesh":6,"minecraft:stone_axe":2,"ars_nouveau:worn_notebook":2,"minecraft:raw_gold":10,"minecraft:stone_pickaxe":4,"minecraft:oak_sapling":2,"minecraft:coal":34,"minecraft:cobblestone":72,"minecraft:egg":1},"minecraft:used":{"minecraft:stone_pickaxe":97,"minecraft:iron_sword":1,"minecraft:wooden_pickaxe":11,"minecraft:stone_axe":25,"minecraft:torch":1,"minecraft:cobblestone":13,"minecraft:crafting_table":1},"minecraft:crafted":{"minecraft:glass":5,"minecraft:oak_planks":24,"minecraft:iron_boots":1,"minecraft:iron_chestplate":1,"minecraft:shield":1,"minecraft:iron_axe":1,"minecraft:crafting_table":1,"minecraft:stick":32,"minecraft:iron_helmet":1,"minecraft:iron_ingot":56,"minecraft:wooden_pickaxe":1,"minecraft:iron_pickaxe":1,"minecraft:stone_pickaxe":1,"minecraft:wooden_axe":1,"minecraft:iron_leggings":1,"minecraft:iron_sword":2,"minecraft:iron_shovel":1,"minecraft:birch_planks":24,"minecraft:stone_axe":1,"minecraft:air":0}},"DataVersion":3465}