{"stats":{"minecraft:dropped":{"minecraft:clock":1,"minecraft:crafting_table":1,"minecraft:lantern":1,"minecraft:coal":4,"minecraft:dirt":1,"minecraft:torch":1,"minecraft:repeater":1,"ars_nouveau:archwood_pressure_plate":1,"ars_nouveau:archwood_planks":64,"minecraft:raw_iron":30,"minecraft:rotten_flesh":1,"minecraft:iron_boots":1,"minecraft:flint_and_steel":1,"minecraft:diamond_pickaxe":1,"minecraft:oak_sapling":4,"minecraft:glass":6,"minecraft:stone_pickaxe":1,"minecraft:wooden_pickaxe":2,"minecraft:raw_gold":10},"minecraft:killed_by":{"minecraft:skeleton":1},"minecraft:broken":{"minecraft:stone_axe":1},"minecraft:custom":{"minecraft:mob_kills":37,"minecraft:interact_with_crafting_table":44,"minecraft:leave_game":5,"minecraft:time_since_death":70304,"minecraft:sprint_one_cm":430022,"minecraft:walk_one_cm":310087,"minecraft:drop":21,"minecraft:play_time":172552,"minecraft:deaths":1,"minecraft:sneak_time":2501,"minecraft:walk_under_water_one_cm":30788,"minecraft:jump":2399,"minecraft:interact_with_blast_furnace":14,"minecraft:walk_on_water_one_cm":46214,"minecraft:total_world_time":172552,"minecraft:interact_with_furnace":93,"minecraft:sleep_in_bed":5,"minecraft:time_since_rest":42836,"minecraft:damage_taken":1084,"minecraft:damage_dealt":2843,"minecraft:swim_one_cm":103213,"minecraft:fly_one_cm":369704,"minecraft:open_chest":52,"minecraft:crouch_one_cm":8681,"minecraft:fall_one_cm":48973},"minecraft:killed":{"minecraft:spider":1,"minecraft:skeleton":1,"minecraft:chicken":2,"minecraft:pig":5,"minecraft:salmon":6,"minecraft:creeper":3,"minecraft:sheep":3,"minecraft:zombie":11,"minecraft:enderman":1,"minecraft:cow":3},"minecraft:mined":{"minecraft:grass_block":1,"minecraft:redstone_wire":1,"minecraft:oak_wall_sign":1,"minecraft:iron_ore":10,"minecraft:peony":2,"ars_nouveau:red_archwood_log":125,"iceandfire:frost_lily":1,"minecraft:stone":27,"minecraft:crafting_table":1,"minecraft:torch":1,"ars_nouveau:scribes_table":1,"minecraft:sugar_cane":4,"minecraft:oak_planks":6,"minecraft:diorite":1,"minecraft:wall_torch":1,"minecraft:sweet_berry_bush":5,"minecraft:grass":1,"minecraft:coal_ore":23,"minecraft:oak_log":50,"minecraft:sand":1,"ars_nouveau:red_archwood_sapling":1,"minecraft:oak_leaves":2},"minecraft:picked_up":{"ars_nouveau:red_archwood_log":119,"minecraft:charcoal":3,"minecraft:crafting_table":2,"minecraft:chicken":2,"minecraft:wooden_pickaxe":2,"ars_nouveau:bombegranate_pod":1,"ars_nouveau:glyph_craft":1,"minecraft:oak_sign":1,"minecraft:cobbled_deepslate":62,"iceandfire:frost_lily":1,"minecraft:beef":2,"minecraft:sugar_cane":11,"minecraft:egg":3,"minecraft:furnace":2,"minecraft:raw_iron":139,"minecraft:stick":8,"minecraft:oak_fence":1,"minecraft:torch":3,"ars_nouveau:glyph_underfoot":1,"minecraft:porkchop":10,"minecraft:diorite":4,"minecraft:redstone":76,"minecraft:arrow":2,"minecraft:rotten_flesh":7,"minecraft:peony":1,"ars_nouveau:worn_notebook":1,"minecraft:mutton":5,"minecraft:white_wool":3,"minecraft:cobblestone":110,"minecraft:clock":1,"minecraft:feather":2,"minecraft:repeater":1,"minecraft:glow_ink_sac":3,"minecraft:salmon":5,"minecraft:leather":3,"minecraft:flint":1,"minecraft:oak_log":50,"minecraft:gunpowder":1,"ars_nouveau:glyph_amplify":1,"ars_nouveau:glyph_phantom_block":1,"ars_nouveau:scribes_table":1,"minecraft:lapis_lazuli":113,"minecraft:dirt":45,"ars_nouveau:source_gem":52,"minecraft:raw_gold":40,"minecraft:iron_ingot":1,"minecraft:stone_pickaxe":1,"minecraft:oak_planks":6,"minecraft:cooked_porkchop":4,"minecraft:sweet_berries":13,"ars_nouveau:glyph_ignite":1,"ars_nouveau:red_archwood_sapling":14,"minecraft:gravel":5,"ars_nouveau:novice_spell_book":1,"minecraft:sand":9,"ars_nouveau:glyph_light":1,"minecraft:diamond":5,"minecraft:oak_sapling":11,"minecraft:coal":35},"minecraft:used":{"minecraft:redstone":1,"minecraft:oak_sign":1,"minecraft:chest":4,"minecraft:cooked_salmon":5,"minecraft:cooked_chicken":1,"minecraft:rotten_flesh":1,"minecraft:torch":19,"minecraft:dirt":1,"ars_nouveau:red_archwood_sapling":14,"ars_nouveau:imbuement_chamber":8,"minecraft:furnace":4,"minecraft:egg":1,"minecraft:cooked_beef":2,"minecraft:cooked_mutton":5,"minecraft:stone_pickaxe":55,"minecraft:oak_planks":14,"minecraft:wooden_pickaxe":6,"minecraft:sugar_cane":3,"minecraft:crafting_table":4,"minecraft:blast_furnace":1,"minecraft:white_bed":1,"minecraft:stone_axe":228,"minecraft:cobblestone":8,"minecraft:cooked_porkchop":10,"ars_nouveau:scribes_table":2},"minecraft:crafted":{"minecraft:smooth_stone":3,"minecraft:oak_planks":124,"minecraft:oak_sign":3,"ars_nouveau:archwood_planks":268,"minecraft:iron_nugget":9,"ars_nouveau:archwood_pressure_plate":1,"minecraft:cooked_chicken":1,"minecraft:furnace":3,"minecraft:blast_furnace":1,"minecraft:stone":38,"ars_nouveau:archwood_slab":6,"minecraft:cooked_mutton":5,"minecraft:flint_and_steel":1,"ars_nouveau:source_gem_block":3,"minecraft:glass":1,"minecraft:lantern":1,"minecraft:repeater":1,"ars_nouveau:novice_spell_book":1,"minecraft:iron_boots":1,"minecraft:iron_axe":1,"minecraft:stone_pickaxe":1,"minecraft:chest":4,"minecraft:cooked_beef":2,"ars_nouveau:source_gem":12,"minecraft:cooked_porkchop":10,"minecraft:crafting_table":3,"ars_nouveau:imbuement_chamber":8,"minecraft:wooden_pickaxe":1,"minecraft:iron_sword":1,"minecraft:clock":1,"minecraft:cooked_salmon":5,"minecraft:stone_axe":2,"minecraft:air":0,"ars_nouveau:sourcestone":32,"minecraft:book":1,"minecraft:paper":3,"minecraft:charcoal":19,"minecraft:diamond_pickaxe":1,"minecraft:gold_nugget":153,"minecraft:stick":24,"minecraft:iron_ingot":86,"minecraft:iron_pickaxe":1,"minecraft:iron_shovel":1,"minecraft:gold_ingot":37,"minecraft:white_bed":1,"minecraft:redstone_torch":2,"ars_nouveau:scribes_table":1,"minecraft:torch":24}},"DataVersion":3465}