{"stats":{"minecraft:used":{"minecraft:oak_sign":1,"ars_nouveau:magebloom_crop":45,"minecraft:chest":13,"minecraft:rotten_flesh":2,"ars_nouveau:red_archwood_sapling":14,"ars_nouveau:ritual_brazier":2,"iceandfire:ghost_chest":1,"minecraft:sweet_berries":288,"minecraft:furnace":6,"ars_nouveau:sourceberry_bush":76,"minecraft:egg":3,"minecraft:potato":23,"minecraft:stone_pickaxe":55,"minecraft:oak_planks":37,"minecraft:wooden_pickaxe":6,"minecraft:sugar_cane":18,"ars_nouveau:arcanist_hood":1,"ars_nouveau:ritual_wilden_summon":2,"ars_nouveau:agronomic_sourcelink":2,"minecraft:blast_furnace":2,"minecraft:shears":2,"ars_nouveau:enchanting_apparatus":3,"ars_nouveau:purple_archwood_sapling":14,"minecraft:bread":6,"ars_nouveau:arcanist_robes":1,"minecraft:bone_meal":1,"ars_nouveau:arcane_core":2,"minecraft:redstone":2,"minecraft:cooked_salmon":19,"ars_nouveau:arcanist_boots":1,"minecraft:cooked_chicken":2,"minecraft:torch":19,"minecraft:brewing_stand":1,"minecraft:dirt":155,"minecraft:iron_hoe":92,"minecraft:iron_axe":77,"ars_nouveau:imbuement_chamber":18,"minecraft:melon_seeds":6,"ars_nouveau:arcanist_leggings":3,"minecraft:cooked_beef":9,"minecraft:cobbled_deepslate":12,"minecraft:wheat_seeds":2,"minecraft:cooked_mutton":5,"minecraft:water_bucket":1,"minecraft:glass_bottle":1,"minecraft:oak_slab":1,"minecraft:crafting_table":6,"minecraft:campfire":1,"minecraft:white_bed":4,"minecraft:smoker":2,"ars_nouveau:source_jar":7,"ars_nouveau:arcane_pedestal":8,"minecraft:golden_leggings":2,"minecraft:stone_axe":347,"minecraft:cobblestone":11,"minecraft:potion":1,"minecraft:cooked_porkchop":10,"minecraft:bucket":2,"minecraft:dandelion":1,"ars_nouveau:scribes_table":3},"minecraft:killed":{"minecraft:spider":10,"minecraft:skeleton":6,"minecraft:chicken":4,"ars_nouveau:summon_horse":1,"minecraft:pig":5,"minecraft:salmon":23,"minecraft:creeper":16,"minecraft:sheep":3,"minecraft:zombie":33,"minecraft:cow":10,"minecraft:slime":21,"minecraft:drowned":4,"minecraft:squid":1,"ars_nouveau:wilden_guardian":10,"ars_nouveau:wilden_stalker":4,"iceandfire:ghost":1,"ars_nouveau:wilden_hunter":4,"minecraft:enderman":1},"minecraft:broken":{"minecraft:stone_axe":2},"minecraft:custom":{"minecraft:interact_with_crafting_table":82,"minecraft:leave_game":10,"minecraft:time_since_death":91417,"minecraft:sprint_one_cm":1400360,"minecraft:drop":48,"minecraft:play_time":519747,"minecraft:deaths":6,"minecraft:jump":7463,"minecraft:interact_with_brewingstand":8,"minecraft:walk_on_water_one_cm":140614,"minecraft:interact_with_furnace":126,"minecraft:sleep_in_bed":9,"minecraft:damage_dealt":4173,"minecraft:crouch_one_cm":27659,"minecraft:interact_with_smoker":16,"minecraft:horse_one_cm":2728388,"minecraft:mob_kills":158,"minecraft:interact_with_campfire":11,"minecraft:climb_one_cm":1659,"minecraft:walk_one_cm":1231865,"minecraft:sneak_time":7125,"minecraft:walk_under_water_one_cm":96791,"minecraft:interact_with_blast_furnace":39,"minecraft:total_world_time":519747,"minecraft:interact_with_stonecutter":2,"minecraft:time_since_rest":84041,"minecraft:damage_taken":4955,"minecraft:trigger_trapped_chest":1,"minecraft:swim_one_cm":427333,"minecraft:fly_one_cm":1255199,"minecraft:open_chest":296,"minecraft:fall_one_cm":161583},"minecraft:mined":{"minecraft:white_bed":1,"minecraft:grass_block":7,"ars_nouveau:sourceberry_bush":47,"minecraft:oak_wall_sign":1,"minecraft:tall_seagrass":3,"minecraft:iron_ore":10,"minecraft:fire":4,"ars_nouveau:red_archwood_log":126,"ars_nouveau:enchanting_apparatus":2,"ars_nouveau:ritual_brazier":1,"minecraft:brown_mushroom":2,"ars_nouveau:light_block":28,"minecraft:powder_snow":13,"minecraft:torch":1,"iceandfire:ghost_chest":2,"minecraft:sugar_cane":12,"minecraft:oak_planks":6,"ars_nouveau:scribes_table":1,"minecraft:wall_torch":1,"minecraft:seagrass":2,"minecraft:wheat":1,"minecraft:wither_rose":2,"minecraft:grass":48,"minecraft:oak_log":50,"minecraft:sand":2,"minecraft:dirt":5,"ars_nouveau:red_archwood_sapling":1,"minecraft:oak_leaves":9,"gravestone:gravestone":3,"minecraft:redstone_wire":2,"minecraft:large_fern":6,"ars_nouveau:magebloom_crop":17,"minecraft:peony":2,"ars_nouveau:agronomic_sourcelink":1,"iceandfire:frost_lily":1,"minecraft:stone":27,"ars_nouveau:purple_archwood_log":73,"ars_nouveau:green_archwood_log":67,"minecraft:crafting_table":1,"minecraft:tall_grass":2,"ars_nouveau:source_jar":6,"minecraft:diorite":1,"ars_nouveau:blue_archwood_log":34,"minecraft:sweet_berry_bush":108,"minecraft:ice":1,"minecraft:birch_leaves":3,"minecraft:coal_ore":23,"ars_nouveau:imbuement_chamber":1,"minecraft:fern":4},"minecraft:crafted":{"minecraft:black_dye":7,"minecraft:oak_planks":368,"minecraft:smooth_stone":3,"minecraft:oak_sign":3,"ars_nouveau:archwood_planks":268,"minecraft:cooked_chicken":2,"minecraft:stone":55,"minecraft:cooked_mutton":5,"minecraft:glass":7,"minecraft:hopper":2,"minecraft:repeater":1,"minecraft:iron_boots":2,"minecraft:chest":10,"ars_nouveau:enchanting_apparatus":1,"minecraft:smoker":1,"minecraft:oak_slab":6,"minecraft:arrow":4,"ars_nouveau:arcane_core":1,"minecraft:cooked_porkchop":10,"minecraft:crafting_table":4,"minecraft:iron_helmet":1,"minecraft:wooden_pickaxe":1,"ars_nouveau:source_jar":1,"minecraft:clock":2,"minecraft:campfire":1,"minecraft:diamond_pickaxe":1,"minecraft:iron_chestplate":1,"minecraft:book":1,"minecraft:paper":3,"minecraft:charcoal":19,"minecraft:stick":36,"minecraft:iron_ingot":197,"minecraft:iron_pickaxe":1,"minecraft:gold_ingot":81,"minecraft:redstone_torch":2,"ars_nouveau:scribes_table":1,"ars_nouveau:arcane_pedestal":4,"minecraft:shears":1,"minecraft:fishing_rod":1,"minecraft:iron_nugget":9,"ars_nouveau:archwood_pressure_plate":1,"ars_nouveau:magebloom_fiber":24,"minecraft:furnace":4,"minecraft:stone_button":1,"minecraft:blast_furnace":1,"ars_nouveau:archwood_slab":12,"minecraft:flint_and_steel":1,"ars_nouveau:source_gem_block":3,"minecraft:lantern":1,"ars_nouveau:novice_spell_book":2,"minecraft:iron_axe":2,"minecraft:iron_hoe":1,"minecraft:stone_pickaxe":1,"ars_nouveau:agronomic_sourcelink":1,"minecraft:cooked_beef":11,"minecraft:sugar":2,"ars_nouveau:ritual_wilden_summon":2,"ars_nouveau:source_gem":12,"ars_nouveau:arcanist_leggings":1,"ars_nouveau:imbuement_chamber":9,"minecraft:iron_sword":1,"ars_nouveau:arcanist_robes":1,"minecraft:cooked_salmon":11,"ars_nouveau:arcanist_boots":1,"minecraft:bucket":3,"ars_nouveau:arcanist_hood":1,"minecraft:stone_axe":4,"minecraft:air":0,"ars_nouveau:sourcestone":32,"minecraft:gold_nugget":171,"minecraft:fermented_spider_eye":1,"minecraft:iron_shovel":1,"minecraft:iron_leggings":2,"minecraft:white_bed":3,"minecraft:torch":24,"minecraft:lapis_block":2},"minecraft:killed_by":{"minecraft:creeper":2,"minecraft:player":1,"minecraft:skeleton":2,"iceandfire:ghost":1},"minecraft:picked_up":{"minecraft:wheat":1,"minecraft:chainmail_boots":1,"minecraft:wither_rose":2,"minecraft:potion":1,"ars_nouveau:bombegranate_pod":1,"minecraft:brewing_stand":1,"ars_nouveau:glyph_craft":1,"iceandfire:manuscript":10,"minecraft:string":8,"minecraft:cooked_salmon":11,"minecraft:oak_sign":1,"minecraft:gold_nugget":8,"minecraft:cobbled_deepslate":332,"iceandfire:frost_lily":1,"ars_nouveau:mendosteen_pod":1,"minecraft:enchanted_golden_apple":1,"minecraft:furnace":4,"minecraft:stick":11,"iceandfire:ghost_chest":2,"minecraft:oak_fence":1,"minecraft:torch":4,"ars_nouveau:glyph_pickup":1,"minecraft:porkchop":10,"minecraft:pointed_dripstone":1,"minecraft:diorite":4,"minecraft:rotten_flesh":27,"ars_nouveau:arcane_core":1,"ars_nouveau:agronomic_sourcelink":1,"ars_nouveau:arcanist_leggings":1,"ars_nouveau:worn_notebook":3,"ars_nouveau:imbuement_chamber":9,"ars_nouveau:sourceberry_bush":170,"ars_nouveau:manipulation_essence":1,"minecraft:cobblestone":170,"minecraft:feather":8,"minecraft:repeater":3,"minecraft:smoker":1,"minecraft:flint":2,"ars_nouveau:magebloom":21,"minecraft:tuff":13,"ars_nouveau:glyph_amplify":1,"ars_nouveau:glyph_phantom_block":1,"ars_nouveau:scribes_table":2,"minecraft:lantern":1,"minecraft:lapis_lazuli":329,"minecraft:dirt":466,"ars_nouveau:arcanist_robes":1,"minecraft:bone":20,"minecraft:stonecutter":1,"ars_nouveau:source_gem":250,"minecraft:wheat_seeds":45,"minecraft:raw_gold":86,"minecraft:fletching_table":1,"ars_nouveau:ritual_brazier":2,"minecraft:oak_planks":6,"minecraft:cooked_porkchop":4,"ars_nouveau:glyph_ignite":1,"minecraft:sand":34,"minecraft:ink_sac":13,"minecraft:fermented_spider_eye":1,"ars_nouveau:glyph_delay":1,"ars_nouveau:sourcestone":16,"ars_nouveau:wilden_horn":4,"minecraft:mossy_cobblestone":1,"minecraft:sugar":1,"minecraft:diamond":7,"ars_nouveau:glyph_summon_steed":1,"minecraft:bone_meal":1,"minecraft:oak_sapling":11,"ars_nouveau:arcane_pedestal":4,"ars_nouveau:red_archwood_log":212,"minecraft:charcoal":3,"minecraft:crafting_table":3,"minecraft:coarse_dirt":8,"minecraft:chicken":4,"minecraft:brown_mushroom":2,"minecraft:wooden_pickaxe":2,"minecraft:gold_block":1,"ars_nouveau:archwood_planks":96,"ars_nouveau:glyph_pull":1,"ars_nouveau:starbuncle_shards":1,"minecraft:beef":11,"ars_nouveau:stripped_green_archwood_log":3,"minecraft:lectern":1,"minecraft:sugar_cane":32,"minecraft:chest":5,"minecraft:birch_sapling":1,"minecraft:egg":6,"minecraft:raw_iron":249,"iceandfire:dragonbone":1,"ars_nouveau:purple_archwood_log":54,"ars_nouveau:air_essence":1,"minecraft:oak_door":1,"ars_nouveau:glyph_underfoot":1,"ars_nouveau:blue_archwood_log":9,"ars_nouveau:purple_archwood_sapling":14,"minecraft:stone_button":1,"minecraft:redstone":212,"iceandfire:dragon_skull_ice":1,"ars_nouveau:green_archwood_log":29,"minecraft:arrow":8,"ars_nouveau:enchanting_apparatus":3,"minecraft:peony":1,"ars_nouveau:abjuration_essence":1,"minecraft:gold_ingot":7,"minecraft:mutton":5,"minecraft:white_wool":9,"minecraft:birch_leaves":2,"minecraft:clock":4,"ars_nouveau:arcanist_hood":1,"minecraft:glow_ink_sac":3,"minecraft:salmon":22,"minecraft:leather":11,"ars_nouveau:wilden_wing":4,"minecraft:oak_log":50,"iceandfire:ectoplasm":2,"minecraft:gunpowder":27,"ars_nouveau:arcanist_boots":1,"minecraft:cobweb":4,"minecraft:iron_ingot":151,"minecraft:stone_pickaxe":1,"minecraft:milk_bucket":1,"ars_nouveau:source_jar":6,"minecraft:sweet_berries":350,"ars_nouveau:red_archwood_sapling":14,"minecraft:dandelion":1,"ars_nouveau:novice_spell_book":5,"minecraft:gravel":16,"minecraft:amethyst_shard":74,"minecraft:blast_furnace":3,"minecraft:white_bed":2,"minecraft:spider_eye":1,"ars_nouveau:glyph_light":1,"ars_nouveau:wilden_spike":10,"minecraft:slime_ball":20,"minecraft:chainmail_leggings":1,"minecraft:melon_seeds":2,"minecraft:coal":175,"ars_nouveau:magebloom_crop":45},"minecraft:dropped":{"minecraft:cooked_beef":2,"minecraft:crafting_table":1,"minecraft:lantern":2,"minecraft:leather":4,"minecraft:dirt":1,"ars_nouveau:red_archwood_log":1,"gravestone:obituary":2,"minecraft:sand":1,"minecraft:fishing_rod":1,"ars_nouveau:archwood_pressure_plate":1,"minecraft:stone_axe":1,"minecraft:rotten_flesh":3,"minecraft:hopper":2,"minecraft:arrow":5,"minecraft:glass":6,"minecraft:water_bucket":1,"minecraft:iron_ingot":50,"minecraft:black_dye":1,"minecraft:wheat_seeds":6,"minecraft:clock":2,"ars_nouveau:magebloom":8,"minecraft:coal":4,"minecraft:ink_sac":3,"minecraft:torch":1,"minecraft:repeater":2,"minecraft:cooked_salmon":3,"minecraft:redstone":1,"ars_nouveau:manipulation_essence":1,"minecraft:sweet_berries":1,"ars_nouveau:archwood_planks":64,"minecraft:tuff":6,"minecraft:raw_iron":30,"minecraft:iron_boots":1,"minecraft:flint_and_steel":1,"minecraft:diamond_pickaxe":1,"minecraft:oak_sapling":4,"minecraft:stone_pickaxe":1,"minecraft:wooden_pickaxe":2,"minecraft:raw_gold":10}},"DataVersion":3465}