{"stats":{"minecraft:dropped":{"minecraft:rotten_flesh":1,"minecraft:dirt":1,"minecraft:oak_sapling":4,"minecraft:wooden_pickaxe":1},"minecraft:custom":{"minecraft:interact_with_furnace":19,"minecraft:mob_kills":18,"minecraft:interact_with_crafting_table":12,"minecraft:leave_game":5,"minecraft:time_since_death":40981,"minecraft:sleep_in_bed":1,"minecraft:time_since_rest":10661,"minecraft:sprint_one_cm":160000,"minecraft:damage_taken":140,"minecraft:walk_one_cm":68991,"minecraft:drop":4,"minecraft:damage_dealt":2143,"minecraft:swim_one_cm":63625,"minecraft:fly_one_cm":124682,"minecraft:crouch_one_cm":492,"minecraft:play_time":40981,"minecraft:sneak_time":272,"minecraft:walk_under_water_one_cm":18090,"minecraft:jump":760,"minecraft:walk_on_water_one_cm":21253,"minecraft:total_world_time":40981,"minecraft:fall_one_cm":12468},"minecraft:killed":{"minecraft:salmon":6,"minecraft:creeper":1,"minecraft:sheep":3,"minecraft:zombie":5,"minecraft:chicken":2,"minecraft:cow":1},"minecraft:mined":{"minecraft:crafting_table":1,"minecraft:grass_block":1,"minecraft:sugar_cane":2,"minecraft:oak_planks":2,"minecraft:diorite":1,"minecraft:oak_wall_sign":1,"minecraft:iron_ore":10,"minecraft:peony":2,"minecraft:grass":1,"minecraft:oak_log":44,"minecraft:coal_ore":23,"minecraft:sand":1,"minecraft:stone":27,"minecraft:oak_leaves":2},"minecraft:picked_up":{"minecraft:crafting_table":1,"minecraft:feather":2,"minecraft:chicken":2,"minecraft:salmon":5,"minecraft:wooden_pickaxe":1,"minecraft:oak_log":44,"minecraft:gunpowder":1,"minecraft:dirt":2,"minecraft:oak_sign":1,"minecraft:beef":2,"minecraft:sugar_cane":6,"minecraft:oak_planks":2,"minecraft:egg":2,"minecraft:stick":2,"minecraft:raw_iron":10,"minecraft:sand":1,"minecraft:diorite":2,"minecraft:rotten_flesh":4,"minecraft:peony":1,"minecraft:oak_sapling":11,"minecraft:mutton":5,"minecraft:coal":23,"minecraft:white_wool":3,"minecraft:cobblestone":33},"minecraft:crafted":{"minecraft:oak_planks":44,"minecraft:oak_sign":3,"minecraft:iron_nugget":9,"minecraft:crafting_table":1,"minecraft:wooden_pickaxe":1,"minecraft:cooked_chicken":1,"minecraft:iron_sword":1,"minecraft:furnace":2,"minecraft:cooked_salmon":4,"minecraft:stone_axe":1,"minecraft:cooked_mutton":3,"minecraft:air":0,"minecraft:lantern":1,"minecraft:charcoal":19,"minecraft:iron_axe":1,"minecraft:stick":20,"minecraft:iron_ingot":10,"minecraft:iron_pickaxe":1,"minecraft:stone_pickaxe":1,"minecraft:iron_shovel":1,"minecraft:white_bed":1,"minecraft:torch":24},"minecraft:used":{"minecraft:cooked_mutton":3,"minecraft:stone_pickaxe":55,"minecraft:oak_planks":4,"minecraft:oak_sign":1,"minecraft:wooden_pickaxe":6,"minecraft:sugar_cane":3,"minecraft:cooked_salmon":3,"minecraft:cooked_chicken":1,"minecraft:rotten_flesh":1,"minecraft:torch":17,"minecraft:dirt":1,"minecraft:crafting_table":2,"minecraft:white_bed":1,"minecraft:stone_axe":82,"minecraft:cobblestone":2,"minecraft:furnace":2,"minecraft:egg":1}},"DataVersion":3465}