{"stats":{"minecraft:dropped":{"minecraft:dirt":1,"minecraft:wooden_pickaxe":1},"minecraft:custom":{"minecraft:time_since_rest":6048,"minecraft:play_time":6048,"minecraft:sprint_one_cm":5838,"minecraft:damage_taken":30,"minecraft:walk_one_cm":10131,"minecraft:sneak_time":5,"minecraft:walk_under_water_one_cm":1267,"minecraft:drop":2,"minecraft:jump":34,"minecraft:time_since_death":6048,"minecraft:leave_game":3,"minecraft:walk_on_water_one_cm":3062,"minecraft:total_world_time":6048,"minecraft:swim_one_cm":1537,"minecraft:interact_with_crafting_table":4,"minecraft:fall_one_cm":1405,"minecraft:fly_one_cm":3835},"minecraft:picked_up":{"minecraft:oak_log":23,"minecraft:dirt":2,"minecraft:cobblestone":6},"minecraft:mined":{"minecraft:grass_block":1,"minecraft:oak_log":23,"minecraft:stone":6},"minecraft:crafted":{"minecraft:oak_planks":24,"minecraft:stone_axe":1,"minecraft:crafting_table":1,"minecraft:stick":8,"minecraft:stone_pickaxe":1,"minecraft:wooden_pickaxe":1},"minecraft:used":{"minecraft:stone_axe":20,"minecraft:crafting_table":1,"minecraft:wooden_pickaxe":6}},"DataVersion":3465}