{"stats":{"minecraft:dropped":{"minecraft:crafting_table":1,"minecraft:rotten_flesh":1,"minecraft:lantern":1,"minecraft:dirt":1,"minecraft:torch":1,"minecraft:oak_sapling":4,"minecraft:wooden_pickaxe":1},"minecraft:broken":{"minecraft:stone_axe":1},"minecraft:custom":{"minecraft:interact_with_furnace":45,"minecraft:mob_kills":27,"minecraft:interact_with_crafting_table":25,"minecraft:leave_game":5,"minecraft:time_since_death":82981,"minecraft:sleep_in_bed":4,"minecraft:time_since_rest":2673,"minecraft:sprint_one_cm":349159,"minecraft:damage_taken":390,"minecraft:walk_one_cm":124304,"minecraft:drop":7,"minecraft:damage_dealt":2843,"minecraft:swim_one_cm":92650,"minecraft:fly_one_cm":290829,"minecraft:open_chest":20,"minecraft:crouch_one_cm":492,"minecraft:play_time":82981,"minecraft:sneak_time":327,"minecraft:walk_under_water_one_cm":22873,"minecraft:jump":1619,"minecraft:walk_on_water_one_cm":32266,"minecraft:total_world_time":82981,"minecraft:fall_one_cm":32818},"minecraft:mined":{"minecraft:torch":1,"minecraft:crafting_table":1,"minecraft:grass_block":1,"minecraft:sugar_cane":4,"minecraft:oak_planks":6,"minecraft:diorite":1,"minecraft:oak_wall_sign":1,"minecraft:wall_torch":1,"minecraft:iron_ore":10,"minecraft:sweet_berry_bush":5,"minecraft:peony":2,"minecraft:grass":1,"ars_nouveau:red_archwood_log":125,"minecraft:oak_log":50,"minecraft:coal_ore":23,"minecraft:sand":1,"iceandfire:frost_lily":1,"minecraft:stone":27,"ars_nouveau:red_archwood_sapling":1,"minecraft:oak_leaves":2},"minecraft:killed":{"minecraft:pig":5,"minecraft:salmon":6,"minecraft:creeper":1,"minecraft:skeleton":1,"minecraft:sheep":3,"minecraft:zombie":6,"minecraft:chicken":2,"minecraft:cow":3},"minecraft:picked_up":{"ars_nouveau:red_archwood_log":119,"minecraft:crafting_table":2,"minecraft:feather":2,"minecraft:chicken":2,"minecraft:salmon":5,"minecraft:leather":3,"minecraft:wooden_pickaxe":1,"minecraft:flint":1,"ars_nouveau:bombegranate_pod":1,"minecraft:oak_log":50,"minecraft:gunpowder":1,"ars_nouveau:glyph_craft":1,"minecraft:lapis_lazuli":14,"minecraft:dirt":2,"minecraft:oak_sign":1,"minecraft:raw_gold":8,"iceandfire:frost_lily":1,"minecraft:beef":2,"minecraft:sugar_cane":11,"minecraft:oak_planks":6,"minecraft:egg":3,"minecraft:stick":8,"minecraft:raw_iron":10,"minecraft:sweet_berries":13,"ars_nouveau:red_archwood_sapling":14,"minecraft:torch":3,"minecraft:gravel":2,"minecraft:porkchop":10,"minecraft:sand":7,"minecraft:diorite":4,"ars_nouveau:glyph_light":1,"minecraft:arrow":1,"minecraft:rotten_flesh":4,"minecraft:peony":1,"minecraft:oak_sapling":11,"minecraft:mutton":5,"minecraft:coal":32,"minecraft:white_wool":3,"minecraft:cobblestone":39},"minecraft:used":{"minecraft:cooked_mutton":5,"minecraft:stone_pickaxe":55,"minecraft:oak_planks":14,"minecraft:oak_sign":1,"minecraft:chest":4,"minecraft:wooden_pickaxe":6,"minecraft:sugar_cane":3,"minecraft:cooked_salmon":5,"minecraft:cooked_chicken":1,"minecraft:rotten_flesh":1,"minecraft:torch":19,"minecraft:dirt":1,"ars_nouveau:red_archwood_sapling":14,"minecraft:crafting_table":4,"minecraft:white_bed":1,"minecraft:stone_axe":228,"minecraft:cobblestone":2,"minecraft:furnace":2,"minecraft:cooked_porkchop":3,"minecraft:egg":1,"minecraft:cooked_beef":2,"ars_nouveau:scribes_table":1},"minecraft:crafted":{"minecraft:cooked_beef":2,"minecraft:oak_planks":124,"minecraft:oak_sign":3,"minecraft:cooked_porkchop":10,"ars_nouveau:archwood_planks":268,"minecraft:iron_nugget":9,"minecraft:crafting_table":3,"minecraft:wooden_pickaxe":1,"minecraft:cooked_chicken":1,"minecraft:iron_sword":1,"minecraft:furnace":2,"minecraft:cooked_salmon":5,"ars_nouveau:archwood_slab":6,"minecraft:stone_axe":2,"minecraft:cooked_mutton":5,"minecraft:air":0,"minecraft:glass":1,"minecraft:lantern":1,"ars_nouveau:novice_spell_book":1,"minecraft:book":1,"minecraft:paper":3,"minecraft:charcoal":19,"minecraft:gold_nugget":9,"minecraft:iron_axe":1,"minecraft:stick":20,"minecraft:iron_ingot":10,"minecraft:iron_pickaxe":1,"minecraft:stone_pickaxe":1,"minecraft:gold_ingot":8,"minecraft:chest":4,"minecraft:iron_shovel":1,"minecraft:white_bed":1,"ars_nouveau:scribes_table":1,"minecraft:torch":24}},"DataVersion":3465}