{"stats":{"minecraft:used":{"ars_nouveau:arcane_core":2,"minecraft:redstone":2,"minecraft:oak_sign":1,"ars_nouveau:magebloom_crop":39,"minecraft:chest":13,"minecraft:cooked_salmon":13,"minecraft:cooked_chicken":2,"minecraft:rotten_flesh":2,"minecraft:torch":19,"minecraft:dirt":155,"ars_nouveau:red_archwood_sapling":14,"minecraft:iron_hoe":91,"ars_nouveau:ritual_brazier":1,"ars_nouveau:imbuement_chamber":17,"minecraft:melon_seeds":6,"minecraft:sweet_berries":213,"minecraft:furnace":6,"ars_nouveau:sourceberry_bush":76,"minecraft:egg":2,"minecraft:cooked_beef":3,"minecraft:cobbled_deepslate":10,"minecraft:cooked_mutton":5,"minecraft:wheat_seeds":2,"minecraft:water_bucket":1,"minecraft:stone_pickaxe":55,"minecraft:oak_planks":18,"minecraft:wooden_pickaxe":6,"minecraft:sugar_cane":18,"minecraft:oak_slab":1,"minecraft:crafting_table":6,"ars_nouveau:agronomic_sourcelink":2,"minecraft:blast_furnace":2,"minecraft:white_bed":4,"minecraft:campfire":1,"minecraft:smoker":2,"minecraft:shears":2,"ars_nouveau:enchanting_apparatus":3,"ars_nouveau:source_jar":5,"minecraft:bread":4,"ars_nouveau:arcane_pedestal":8,"minecraft:stone_axe":242,"minecraft:cobblestone":11,"minecraft:cooked_porkchop":10,"minecraft:bucket":2,"ars_nouveau:scribes_table":3,"minecraft:bone_meal":1},"minecraft:killed":{"minecraft:spider":5,"minecraft:skeleton":4,"minecraft:chicken":4,"minecraft:drowned":2,"minecraft:pig":5,"minecraft:salmon":23,"minecraft:creeper":13,"ars_nouveau:wilden_guardian":6,"minecraft:sheep":3,"minecraft:zombie":24,"minecraft:enderman":1,"minecraft:cow":10},"minecraft:broken":{"minecraft:stone_axe":1},"minecraft:custom":{"minecraft:mob_kills":101,"minecraft:interact_with_crafting_table":74,"minecraft:interact_with_campfire":11,"minecraft:leave_game":9,"minecraft:time_since_death":26850,"minecraft:climb_one_cm":1235,"minecraft:sprint_one_cm":1107740,"minecraft:walk_one_cm":1051882,"minecraft:drop":43,"minecraft:play_time":406076,"minecraft:deaths":4,"minecraft:sneak_time":6262,"minecraft:walk_under_water_one_cm":78564,"minecraft:jump":5840,"minecraft:interact_with_blast_furnace":29,"minecraft:walk_on_water_one_cm":117071,"minecraft:total_world_time":406076,"minecraft:interact_with_furnace":124,"minecraft:sleep_in_bed":8,"minecraft:time_since_rest":26960,"minecraft:damage_taken":3321,"minecraft:damage_dealt":3416,"minecraft:swim_one_cm":261741,"minecraft:fly_one_cm":926313,"minecraft:open_chest":202,"minecraft:crouch_one_cm":24982,"minecraft:interact_with_smoker":13,"minecraft:fall_one_cm":122064},"minecraft:mined":{"minecraft:white_bed":1,"gravestone:gravestone":1,"minecraft:grass_block":5,"minecraft:redstone_wire":2,"ars_nouveau:sourceberry_bush":45,"minecraft:oak_wall_sign":1,"minecraft:large_fern":4,"minecraft:tall_seagrass":3,"ars_nouveau:magebloom_crop":11,"minecraft:iron_ore":10,"minecraft:fire":2,"minecraft:peony":2,"ars_nouveau:red_archwood_log":126,"ars_nouveau:agronomic_sourcelink":1,"iceandfire:frost_lily":1,"ars_nouveau:enchanting_apparatus":1,"minecraft:stone":27,"ars_nouveau:light_block":24,"minecraft:crafting_table":1,"minecraft:torch":1,"ars_nouveau:source_jar":4,"ars_nouveau:scribes_table":1,"minecraft:oak_planks":6,"minecraft:sugar_cane":10,"minecraft:wall_torch":1,"minecraft:diorite":1,"minecraft:seagrass":2,"minecraft:sweet_berry_bush":98,"minecraft:wheat":1,"minecraft:ice":1,"minecraft:birch_leaves":2,"minecraft:grass":43,"minecraft:coal_ore":23,"minecraft:oak_log":50,"minecraft:sand":2,"minecraft:dirt":3,"ars_nouveau:imbuement_chamber":1,"ars_nouveau:red_archwood_sapling":1,"minecraft:oak_leaves":3},"minecraft:crafted":{"minecraft:black_dye":2,"minecraft:smooth_stone":3,"minecraft:oak_planks":368,"minecraft:oak_sign":3,"minecraft:fishing_rod":1,"ars_nouveau:archwood_planks":268,"minecraft:iron_nugget":9,"ars_nouveau:archwood_pressure_plate":1,"minecraft:cooked_chicken":2,"minecraft:furnace":4,"minecraft:stone_button":1,"minecraft:blast_furnace":1,"minecraft:stone":55,"ars_nouveau:archwood_slab":12,"minecraft:cooked_mutton":5,"minecraft:flint_and_steel":1,"ars_nouveau:source_gem_block":3,"minecraft:lantern":1,"minecraft:glass":7,"minecraft:hopper":2,"minecraft:repeater":1,"minecraft:iron_boots":1,"ars_nouveau:novice_spell_book":2,"minecraft:iron_axe":1,"minecraft:iron_hoe":1,"minecraft:stone_pickaxe":1,"minecraft:chest":10,"ars_nouveau:enchanting_apparatus":1,"ars_nouveau:agronomic_sourcelink":1,"minecraft:smoker":1,"minecraft:cooked_beef":5,"minecraft:oak_slab":6,"ars_nouveau:source_gem":12,"ars_nouveau:arcane_core":1,"minecraft:cooked_porkchop":10,"minecraft:crafting_table":4,"ars_nouveau:imbuement_chamber":9,"minecraft:wooden_pickaxe":1,"minecraft:iron_sword":1,"ars_nouveau:source_jar":1,"minecraft:clock":2,"minecraft:cooked_salmon":5,"minecraft:bucket":2,"minecraft:campfire":1,"minecraft:stone_axe":4,"minecraft:air":0,"ars_nouveau:sourcestone":32,"minecraft:book":1,"minecraft:paper":3,"minecraft:charcoal":19,"minecraft:diamond_pickaxe":1,"minecraft:gold_nugget":171,"minecraft:stick":36,"minecraft:iron_ingot":195,"minecraft:iron_pickaxe":1,"minecraft:iron_shovel":1,"minecraft:gold_ingot":81,"minecraft:white_bed":3,"minecraft:redstone_torch":2,"ars_nouveau:scribes_table":1,"minecraft:torch":24,"minecraft:lapis_block":1,"ars_nouveau:arcane_pedestal":4,"minecraft:shears":1},"minecraft:killed_by":{"minecraft:creeper":2,"minecraft:skeleton":2},"minecraft:picked_up":{"minecraft:charcoal":3,"ars_nouveau:red_archwood_log":212,"minecraft:coarse_dirt":8,"minecraft:crafting_table":3,"minecraft:wheat":1,"minecraft:chicken":4,"minecraft:wooden_pickaxe":2,"minecraft:potion":1,"ars_nouveau:bombegranate_pod":1,"ars_nouveau:glyph_craft":1,"ars_nouveau:archwood_planks":96,"minecraft:string":3,"minecraft:cooked_salmon":11,"ars_nouveau:glyph_pull":1,"minecraft:oak_sign":1,"minecraft:cobbled_deepslate":301,"iceandfire:frost_lily":1,"minecraft:beef":11,"ars_nouveau:starbuncle_shards":1,"ars_nouveau:stripped_green_archwood_log":3,"minecraft:enchanted_golden_apple":1,"minecraft:sugar_cane":30,"minecraft:chest":5,"minecraft:furnace":4,"minecraft:egg":5,"minecraft:raw_iron":249,"minecraft:stick":8,"iceandfire:dragonbone":1,"minecraft:oak_fence":1,"minecraft:torch":4,"ars_nouveau:glyph_underfoot":1,"ars_nouveau:glyph_pickup":1,"minecraft:porkchop":10,"minecraft:stone_button":1,"minecraft:pointed_dripstone":1,"minecraft:diorite":4,"minecraft:redstone":207,"iceandfire:dragon_skull_ice":1,"ars_nouveau:enchanting_apparatus":2,"minecraft:arrow":7,"minecraft:rotten_flesh":20,"ars_nouveau:agronomic_sourcelink":1,"ars_nouveau:arcane_core":1,"minecraft:peony":1,"ars_nouveau:worn_notebook":3,"ars_nouveau:imbuement_chamber":9,"minecraft:gold_ingot":5,"ars_nouveau:sourceberry_bush":165,"minecraft:mutton":5,"ars_nouveau:manipulation_essence":1,"minecraft:white_wool":9,"minecraft:cobblestone":162,"minecraft:birch_leaves":2,"minecraft:clock":4,"minecraft:feather":8,"minecraft:repeater":3,"minecraft:glow_ink_sac":3,"minecraft:salmon":22,"minecraft:leather":11,"minecraft:smoker":1,"ars_nouveau:magebloom":11,"minecraft:flint":2,"minecraft:tuff":13,"minecraft:oak_log":50,"minecraft:gunpowder":27,"ars_nouveau:glyph_amplify":1,"ars_nouveau:glyph_phantom_block":1,"ars_nouveau:scribes_table":2,"minecraft:lapis_lazuli":268,"minecraft:dirt":465,"minecraft:lantern":1,"minecraft:bone":8,"minecraft:wheat_seeds":44,"ars_nouveau:source_gem":218,"minecraft:raw_gold":75,"minecraft:iron_ingot":151,"minecraft:stone_pickaxe":1,"minecraft:oak_planks":6,"ars_nouveau:ritual_brazier":1,"minecraft:cooked_porkchop":4,"ars_nouveau:source_jar":4,"minecraft:sweet_berries":332,"ars_nouveau:glyph_ignite":1,"ars_nouveau:red_archwood_sapling":14,"ars_nouveau:novice_spell_book":5,"minecraft:gravel":16,"minecraft:sand":34,"minecraft:amethyst_shard":74,"minecraft:ink_sac":11,"minecraft:blast_furnace":1,"minecraft:white_bed":2,"ars_nouveau:glyph_delay":1,"ars_nouveau:sourcestone":16,"minecraft:mossy_cobblestone":1,"ars_nouveau:glyph_light":1,"ars_nouveau:wilden_spike":6,"minecraft:diamond":7,"minecraft:chainmail_leggings":1,"ars_nouveau:glyph_summon_steed":1,"minecraft:bone_meal":1,"minecraft:oak_sapling":11,"minecraft:melon_seeds":2,"ars_nouveau:arcane_pedestal":4,"minecraft:coal":175,"ars_nouveau:magebloom_crop":39},"minecraft:dropped":{"minecraft:water_bucket":1,"minecraft:iron_ingot":50,"minecraft:black_dye":1,"minecraft:wheat_seeds":6,"minecraft:clock":2,"minecraft:cooked_beef":2,"minecraft:crafting_table":1,"minecraft:lantern":2,"minecraft:leather":4,"minecraft:coal":4,"minecraft:dirt":1,"ars_nouveau:red_archwood_log":1,"minecraft:ink_sac":3,"minecraft:torch":1,"minecraft:repeater":2,"minecraft:sand":1,"minecraft:fishing_rod":1,"minecraft:redstone":1,"ars_nouveau:archwood_pressure_plate":1,"minecraft:stone_axe":1,"ars_nouveau:manipulation_essence":1,"minecraft:sweet_berries":1,"ars_nouveau:archwood_planks":64,"minecraft:tuff":6,"minecraft:raw_iron":30,"minecraft:rotten_flesh":3,"minecraft:iron_boots":1,"minecraft:flint_and_steel":1,"minecraft:diamond_pickaxe":1,"minecraft:hopper":2,"minecraft:oak_sapling":4,"minecraft:arrow":5,"minecraft:glass":6,"minecraft:stone_pickaxe":1,"minecraft:wooden_pickaxe":2,"minecraft:raw_gold":10}},"DataVersion":3465}