{"stats":{"minecraft:used":{"ars_nouveau:arcane_core":2,"minecraft:redstone":1,"minecraft:oak_sign":1,"minecraft:chest":13,"minecraft:cooked_salmon":9,"minecraft:cooked_chicken":2,"minecraft:rotten_flesh":2,"minecraft:torch":19,"minecraft:dirt":155,"ars_nouveau:red_archwood_sapling":14,"minecraft:iron_hoe":84,"ars_nouveau:ritual_brazier":1,"ars_nouveau:imbuement_chamber":16,"minecraft:sweet_berries":142,"minecraft:furnace":6,"ars_nouveau:sourceberry_bush":38,"minecraft:egg":2,"minecraft:cooked_beef":3,"minecraft:cobbled_deepslate":4,"minecraft:cooked_mutton":5,"minecraft:wheat_seeds":1,"minecraft:water_bucket":1,"minecraft:stone_pickaxe":55,"minecraft:oak_planks":18,"minecraft:wooden_pickaxe":6,"minecraft:sugar_cane":18,"minecraft:crafting_table":5,"minecraft:blast_furnace":2,"minecraft:white_bed":4,"minecraft:campfire":1,"minecraft:smoker":2,"minecraft:shears":2,"ars_nouveau:enchanting_apparatus":2,"ars_nouveau:arcane_pedestal":8,"minecraft:stone_axe":230,"minecraft:cobblestone":8,"minecraft:cooked_porkchop":10,"minecraft:bucket":2,"minecraft:bone_meal":1,"ars_nouveau:scribes_table":3},"minecraft:killed":{"minecraft:spider":5,"minecraft:skeleton":1,"minecraft:chicken":4,"minecraft:drowned":1,"minecraft:pig":5,"minecraft:salmon":17,"minecraft:creeper":4,"ars_nouveau:wilden_guardian":6,"minecraft:sheep":3,"minecraft:zombie":17,"minecraft:enderman":1,"minecraft:cow":6},"minecraft:broken":{"minecraft:stone_axe":1},"minecraft:custom":{"minecraft:mob_kills":71,"minecraft:interact_with_crafting_table":63,"minecraft:interact_with_campfire":9,"minecraft:leave_game":8,"minecraft:time_since_death":105368,"minecraft:climb_one_cm":1235,"minecraft:sprint_one_cm":863445,"minecraft:walk_one_cm":735327,"minecraft:drop":32,"minecraft:play_time":322514,"minecraft:deaths":3,"minecraft:sneak_time":4779,"minecraft:walk_under_water_one_cm":64216,"minecraft:jump":4472,"minecraft:interact_with_blast_furnace":24,"minecraft:walk_on_water_one_cm":98818,"minecraft:total_world_time":322514,"minecraft:interact_with_furnace":111,"minecraft:sleep_in_bed":8,"minecraft:time_since_rest":44879,"minecraft:damage_taken":2355,"minecraft:damage_dealt":2926,"minecraft:swim_one_cm":197648,"minecraft:fly_one_cm":719929,"minecraft:open_chest":136,"minecraft:crouch_one_cm":20002,"minecraft:interact_with_smoker":11,"minecraft:fall_one_cm":92701},"minecraft:mined":{"minecraft:white_bed":1,"minecraft:grass_block":5,"minecraft:redstone_wire":1,"ars_nouveau:sourceberry_bush":15,"minecraft:oak_wall_sign":1,"minecraft:large_fern":4,"minecraft:tall_seagrass":1,"minecraft:iron_ore":10,"minecraft:fire":2,"minecraft:peony":2,"ars_nouveau:red_archwood_log":125,"iceandfire:frost_lily":1,"minecraft:stone":27,"ars_nouveau:light_block":23,"minecraft:crafting_table":1,"minecraft:torch":1,"ars_nouveau:scribes_table":1,"minecraft:oak_planks":6,"minecraft:sugar_cane":10,"minecraft:wall_torch":1,"minecraft:diorite":1,"minecraft:seagrass":1,"minecraft:wheat":1,"minecraft:sweet_berry_bush":67,"minecraft:ice":1,"minecraft:birch_leaves":2,"minecraft:grass":30,"minecraft:coal_ore":23,"minecraft:oak_log":50,"minecraft:sand":2,"minecraft:dirt":3,"ars_nouveau:red_archwood_sapling":1,"minecraft:oak_leaves":3},"minecraft:crafted":{"minecraft:black_dye":2,"minecraft:smooth_stone":3,"minecraft:oak_planks":368,"minecraft:oak_sign":3,"minecraft:fishing_rod":1,"ars_nouveau:archwood_planks":268,"minecraft:iron_nugget":9,"ars_nouveau:archwood_pressure_plate":1,"minecraft:cooked_chicken":2,"minecraft:furnace":4,"minecraft:blast_furnace":1,"minecraft:stone":54,"ars_nouveau:archwood_slab":6,"minecraft:cooked_mutton":5,"minecraft:flint_and_steel":1,"ars_nouveau:source_gem_block":3,"minecraft:hopper":2,"minecraft:glass":1,"minecraft:lantern":1,"minecraft:repeater":1,"minecraft:iron_boots":1,"ars_nouveau:novice_spell_book":2,"minecraft:iron_axe":1,"minecraft:iron_hoe":1,"minecraft:stone_pickaxe":1,"minecraft:chest":10,"ars_nouveau:enchanting_apparatus":1,"minecraft:smoker":1,"minecraft:cooked_beef":5,"ars_nouveau:source_gem":12,"ars_nouveau:arcane_core":1,"minecraft:cooked_porkchop":10,"minecraft:crafting_table":3,"ars_nouveau:imbuement_chamber":8,"minecraft:wooden_pickaxe":1,"minecraft:iron_sword":1,"minecraft:clock":1,"minecraft:cooked_salmon":5,"minecraft:bucket":2,"minecraft:campfire":1,"minecraft:stone_axe":4,"minecraft:air":0,"ars_nouveau:sourcestone":32,"minecraft:book":1,"minecraft:paper":3,"minecraft:charcoal":19,"minecraft:diamond_pickaxe":1,"minecraft:gold_nugget":171,"minecraft:stick":36,"minecraft:iron_ingot":89,"minecraft:iron_pickaxe":1,"minecraft:iron_shovel":1,"minecraft:gold_ingot":53,"minecraft:white_bed":3,"minecraft:redstone_torch":2,"ars_nouveau:scribes_table":1,"minecraft:torch":24,"ars_nouveau:arcane_pedestal":4,"minecraft:shears":1},"minecraft:killed_by":{"minecraft:creeper":1,"minecraft:skeleton":2},"minecraft:picked_up":{"ars_nouveau:red_archwood_log":211,"minecraft:crafting_table":3,"minecraft:charcoal":3,"minecraft:coarse_dirt":8,"minecraft:wheat":1,"minecraft:chicken":4,"minecraft:wooden_pickaxe":2,"minecraft:potion":1,"ars_nouveau:bombegranate_pod":1,"ars_nouveau:glyph_craft":1,"ars_nouveau:archwood_planks":96,"minecraft:string":2,"minecraft:cooked_salmon":9,"ars_nouveau:glyph_pull":1,"minecraft:oak_sign":1,"minecraft:cobbled_deepslate":287,"iceandfire:frost_lily":1,"minecraft:beef":5,"ars_nouveau:starbuncle_shards":1,"ars_nouveau:stripped_green_archwood_log":3,"minecraft:enchanted_golden_apple":1,"minecraft:sugar_cane":30,"minecraft:chest":5,"minecraft:furnace":4,"minecraft:egg":5,"minecraft:stick":8,"minecraft:raw_iron":143,"iceandfire:dragonbone":1,"minecraft:oak_fence":1,"minecraft:torch":4,"ars_nouveau:glyph_underfoot":1,"ars_nouveau:glyph_pickup":1,"minecraft:porkchop":10,"minecraft:diorite":4,"minecraft:redstone":204,"iceandfire:dragon_skull_ice":1,"minecraft:arrow":2,"ars_nouveau:enchanting_apparatus":1,"minecraft:rotten_flesh":18,"ars_nouveau:arcane_core":1,"minecraft:peony":1,"ars_nouveau:worn_notebook":3,"ars_nouveau:imbuement_chamber":8,"minecraft:gold_ingot":5,"ars_nouveau:sourceberry_bush":46,"minecraft:mutton":5,"minecraft:white_wool":9,"minecraft:cobblestone":116,"minecraft:birch_leaves":2,"minecraft:clock":3,"minecraft:feather":8,"minecraft:repeater":3,"minecraft:glow_ink_sac":3,"minecraft:salmon":16,"minecraft:leather":7,"minecraft:smoker":1,"minecraft:flint":2,"minecraft:tuff":7,"minecraft:oak_log":50,"minecraft:gunpowder":20,"ars_nouveau:glyph_amplify":1,"ars_nouveau:glyph_phantom_block":1,"ars_nouveau:scribes_table":2,"minecraft:lapis_lazuli":183,"minecraft:dirt":464,"minecraft:lantern":1,"minecraft:bone":6,"minecraft:wheat_seeds":17,"ars_nouveau:source_gem":146,"minecraft:raw_gold":49,"minecraft:iron_ingot":151,"minecraft:stone_pickaxe":1,"ars_nouveau:ritual_brazier":1,"minecraft:oak_planks":6,"minecraft:cooked_porkchop":4,"minecraft:sweet_berries":255,"ars_nouveau:glyph_ignite":1,"ars_nouveau:red_archwood_sapling":14,"ars_nouveau:novice_spell_book":5,"minecraft:gravel":15,"minecraft:sand":32,"minecraft:amethyst_shard":72,"minecraft:blast_furnace":1,"minecraft:ink_sac":5,"minecraft:white_bed":2,"ars_nouveau:sourcestone":16,"minecraft:mossy_cobblestone":1,"ars_nouveau:glyph_light":1,"ars_nouveau:wilden_spike":6,"minecraft:diamond":7,"minecraft:bone_meal":1,"minecraft:oak_sapling":11,"minecraft:melon_seeds":2,"ars_nouveau:arcane_pedestal":4,"minecraft:coal":49},"minecraft:dropped":{"minecraft:water_bucket":1,"minecraft:iron_ingot":30,"minecraft:black_dye":1,"minecraft:clock":1,"minecraft:cooked_beef":2,"minecraft:crafting_table":1,"minecraft:lantern":2,"minecraft:leather":4,"minecraft:coal":4,"minecraft:dirt":1,"minecraft:ink_sac":3,"minecraft:torch":1,"minecraft:repeater":1,"minecraft:sand":1,"minecraft:fishing_rod":1,"ars_nouveau:archwood_pressure_plate":1,"minecraft:sweet_berries":1,"ars_nouveau:archwood_planks":64,"minecraft:raw_iron":30,"minecraft:rotten_flesh":1,"minecraft:iron_boots":1,"minecraft:flint_and_steel":1,"minecraft:diamond_pickaxe":1,"minecraft:hopper":2,"minecraft:oak_sapling":4,"minecraft:glass":6,"minecraft:stone_pickaxe":1,"minecraft:wooden_pickaxe":2,"minecraft:raw_gold":10}},"DataVersion":3465}