{"stats":{"minecraft:dropped":{"minecraft:dirt":1,"minecraft:oak_sapling":4,"minecraft:rotten_flesh":1,"minecraft:wooden_pickaxe":1},"minecraft:custom":{"minecraft:time_since_rest":28981,"minecraft:interact_with_furnace":18,"minecraft:sprint_one_cm":50801,"minecraft:damage_taken":140,"minecraft:walk_one_cm":57889,"minecraft:mob_kills":16,"minecraft:drop":4,"minecraft:damage_dealt":1763,"minecraft:swim_one_cm":40742,"minecraft:interact_with_crafting_table":9,"minecraft:fly_one_cm":48959,"minecraft:crouch_one_cm":492,"minecraft:play_time":28981,"minecraft:sneak_time":259,"minecraft:walk_under_water_one_cm":16936,"minecraft:jump":388,"minecraft:leave_game":5,"minecraft:time_since_death":28981,"minecraft:walk_on_water_one_cm":17952,"minecraft:total_world_time":28981,"minecraft:fall_one_cm":8108},"minecraft:mined":{"minecraft:iron_ore":10,"minecraft:crafting_table":1,"minecraft:coal_ore":23,"minecraft:grass_block":1,"minecraft:oak_log":44,"minecraft:sand":1,"minecraft:stone":27,"minecraft:oak_leaves":1,"minecraft:sugar_cane":2,"minecraft:oak_wall_sign":1,"minecraft:diorite":1},"minecraft:killed":{"minecraft:sheep":3,"minecraft:zombie":4,"minecraft:chicken":2,"minecraft:salmon":6,"minecraft:cow":1},"minecraft:picked_up":{"minecraft:stick":2,"minecraft:crafting_table":1,"minecraft:raw_iron":10,"minecraft:feather":2,"minecraft:chicken":2,"minecraft:salmon":5,"minecraft:wooden_pickaxe":1,"minecraft:sand":1,"minecraft:oak_log":44,"minecraft:diorite":2,"minecraft:dirt":2,"minecraft:rotten_flesh":2,"minecraft:oak_sign":1,"minecraft:beef":2,"minecraft:sugar_cane":6,"minecraft:oak_sapling":11,"minecraft:mutton":5,"minecraft:coal":23,"minecraft:white_wool":3,"minecraft:cobblestone":33,"minecraft:egg":2},"minecraft:used":{"minecraft:stone_pickaxe":55,"minecraft:oak_planks":4,"minecraft:oak_sign":1,"minecraft:wooden_pickaxe":6,"minecraft:cooked_salmon":3,"minecraft:cooked_chicken":1,"minecraft:rotten_flesh":1,"minecraft:stone_axe":76,"minecraft:torch":17,"minecraft:dirt":1,"minecraft:cobblestone":2,"minecraft:crafting_table":2,"minecraft:furnace":2,"minecraft:egg":1},"minecraft:crafted":{"minecraft:oak_planks":44,"minecraft:oak_sign":3,"minecraft:charcoal":19,"minecraft:iron_axe":1,"minecraft:crafting_table":1,"minecraft:stick":20,"minecraft:iron_pickaxe":1,"minecraft:iron_ingot":10,"minecraft:cooked_chicken":1,"minecraft:wooden_pickaxe":1,"minecraft:stone_pickaxe":1,"minecraft:iron_shovel":1,"minecraft:iron_sword":1,"minecraft:furnace":2,"minecraft:cooked_salmon":4,"minecraft:torch":20,"minecraft:stone_axe":1,"minecraft:cooked_mutton":3,"minecraft:air":0}},"DataVersion":3465}