{"stats":{"minecraft:dropped":{"ars_nouveau:archwood_pressure_plate":1,"minecraft:crafting_table":1,"ars_nouveau:archwood_planks":64,"minecraft:raw_iron":30,"minecraft:rotten_flesh":1,"minecraft:iron_boots":1,"minecraft:lantern":1,"minecraft:coal":4,"minecraft:flint_and_steel":1,"minecraft:dirt":1,"minecraft:torch":1,"minecraft:oak_sapling":4,"minecraft:glass":6,"minecraft:stone_pickaxe":1,"minecraft:wooden_pickaxe":1,"minecraft:raw_gold":10},"minecraft:broken":{"minecraft:stone_axe":1},"minecraft:custom":{"minecraft:interact_with_furnace":64,"minecraft:mob_kills":30,"minecraft:interact_with_crafting_table":26,"minecraft:leave_game":5,"minecraft:time_since_death":100552,"minecraft:sleep_in_bed":4,"minecraft:time_since_rest":20244,"minecraft:sprint_one_cm":368657,"minecraft:damage_taken":584,"minecraft:walk_one_cm":175053,"minecraft:damage_dealt":2843,"minecraft:drop":17,"minecraft:swim_one_cm":99032,"minecraft:fly_one_cm":324069,"minecraft:open_chest":32,"minecraft:play_time":100552,"minecraft:crouch_one_cm":1073,"minecraft:sneak_time":492,"minecraft:walk_under_water_one_cm":26206,"minecraft:jump":1905,"minecraft:walk_on_water_one_cm":37625,"minecraft:total_world_time":100552,"minecraft:fall_one_cm":39890},"minecraft:mined":{"minecraft:crafting_table":1,"minecraft:torch":1,"minecraft:grass_block":1,"minecraft:oak_planks":6,"minecraft:sugar_cane":4,"minecraft:oak_wall_sign":1,"minecraft:diorite":1,"minecraft:wall_torch":1,"minecraft:iron_ore":10,"minecraft:sweet_berry_bush":5,"minecraft:peony":2,"minecraft:grass":1,"ars_nouveau:red_archwood_log":125,"minecraft:oak_log":50,"minecraft:coal_ore":23,"minecraft:sand":1,"iceandfire:frost_lily":1,"minecraft:stone":27,"ars_nouveau:red_archwood_sapling":1,"minecraft:oak_leaves":2},"minecraft:killed":{"minecraft:pig":5,"minecraft:salmon":6,"minecraft:creeper":2,"minecraft:skeleton":1,"minecraft:sheep":3,"minecraft:zombie":8,"minecraft:chicken":2,"minecraft:cow":3},"minecraft:picked_up":{"ars_nouveau:red_archwood_log":119,"minecraft:crafting_table":2,"minecraft:feather":2,"minecraft:chicken":2,"minecraft:glow_ink_sac":2,"minecraft:salmon":5,"minecraft:leather":3,"minecraft:wooden_pickaxe":1,"minecraft:flint":1,"ars_nouveau:bombegranate_pod":1,"minecraft:oak_log":50,"ars_nouveau:glyph_phantom_block":1,"minecraft:gunpowder":1,"ars_nouveau:glyph_craft":1,"minecraft:lapis_lazuli":31,"minecraft:dirt":2,"minecraft:oak_sign":1,"minecraft:raw_gold":18,"iceandfire:frost_lily":1,"minecraft:beef":2,"minecraft:stone_pickaxe":1,"minecraft:sugar_cane":11,"minecraft:oak_planks":6,"minecraft:egg":3,"minecraft:stick":8,"minecraft:raw_iron":78,"minecraft:sweet_berries":13,"ars_nouveau:glyph_underfoot":1,"ars_nouveau:glyph_ignite":1,"ars_nouveau:red_archwood_sapling":14,"minecraft:torch":3,"minecraft:gravel":2,"minecraft:porkchop":10,"minecraft:sand":9,"minecraft:diorite":4,"ars_nouveau:glyph_light":1,"minecraft:arrow":1,"minecraft:rotten_flesh":6,"minecraft:peony":1,"minecraft:oak_sapling":11,"minecraft:mutton":5,"minecraft:coal":35,"minecraft:white_wool":3,"minecraft:cobblestone":50},"minecraft:used":{"minecraft:cooked_mutton":5,"minecraft:stone_pickaxe":55,"minecraft:oak_planks":14,"minecraft:oak_sign":1,"minecraft:chest":4,"minecraft:wooden_pickaxe":6,"minecraft:cooked_salmon":5,"minecraft:sugar_cane":3,"minecraft:cooked_chicken":1,"minecraft:rotten_flesh":1,"minecraft:torch":19,"minecraft:dirt":1,"ars_nouveau:red_archwood_sapling":14,"minecraft:crafting_table":4,"minecraft:white_bed":1,"minecraft:stone_axe":228,"minecraft:cobblestone":2,"minecraft:furnace":2,"minecraft:cooked_porkchop":6,"minecraft:egg":1,"minecraft:cooked_beef":2,"ars_nouveau:scribes_table":1},"minecraft:crafted":{"minecraft:cooked_beef":2,"minecraft:oak_planks":124,"minecraft:oak_sign":3,"minecraft:cooked_porkchop":10,"minecraft:crafting_table":3,"ars_nouveau:archwood_planks":268,"minecraft:iron_nugget":9,"ars_nouveau:archwood_pressure_plate":1,"minecraft:wooden_pickaxe":1,"minecraft:cooked_chicken":1,"minecraft:iron_sword":1,"minecraft:furnace":2,"minecraft:cooked_salmon":5,"ars_nouveau:archwood_slab":6,"minecraft:stone_axe":2,"minecraft:cooked_mutton":5,"minecraft:air":0,"minecraft:flint_and_steel":1,"minecraft:glass":1,"minecraft:lantern":1,"minecraft:iron_boots":1,"ars_nouveau:novice_spell_book":1,"minecraft:book":1,"minecraft:paper":3,"minecraft:charcoal":19,"minecraft:gold_nugget":9,"minecraft:iron_axe":1,"minecraft:stick":20,"minecraft:iron_ingot":25,"minecraft:iron_pickaxe":1,"minecraft:stone_pickaxe":1,"minecraft:chest":4,"minecraft:iron_shovel":1,"minecraft:gold_ingot":18,"minecraft:white_bed":1,"ars_nouveau:scribes_table":1,"minecraft:torch":24}},"DataVersion":3465}