{"stats":{"minecraft:picked_up":{"ars_nouveau:red_archwood_log":211,"minecraft:charcoal":3,"minecraft:crafting_table":3,"minecraft:chicken":4,"minecraft:wooden_pickaxe":2,"minecraft:potion":1,"ars_nouveau:bombegranate_pod":1,"ars_nouveau:glyph_craft":1,"ars_nouveau:archwood_planks":96,"minecraft:oak_sign":1,"minecraft:cobbled_deepslate":267,"iceandfire:frost_lily":1,"ars_nouveau:starbuncle_shards":1,"minecraft:beef":5,"minecraft:enchanted_golden_apple":1,"minecraft:sugar_cane":26,"minecraft:chest":5,"minecraft:furnace":4,"minecraft:egg":4,"minecraft:stick":8,"minecraft:raw_iron":143,"minecraft:oak_fence":1,"minecraft:torch":4,"ars_nouveau:glyph_underfoot":1,"minecraft:porkchop":10,"minecraft:diorite":4,"minecraft:redstone":204,"ars_nouveau:enchanting_apparatus":1,"minecraft:arrow":2,"minecraft:rotten_flesh":18,"ars_nouveau:arcane_core":1,"minecraft:peony":1,"ars_nouveau:worn_notebook":3,"ars_nouveau:imbuement_chamber":8,"minecraft:gold_ingot":5,"minecraft:mutton":5,"minecraft:white_wool":3,"minecraft:cobblestone":116,"minecraft:clock":3,"minecraft:feather":8,"minecraft:repeater":3,"minecraft:glow_ink_sac":3,"minecraft:salmon":5,"minecraft:leather":7,"minecraft:smoker":1,"minecraft:flint":2,"minecraft:tuff":7,"minecraft:oak_log":50,"minecraft:gunpowder":18,"ars_nouveau:glyph_amplify":1,"ars_nouveau:glyph_phantom_block":1,"ars_nouveau:scribes_table":2,"minecraft:lapis_lazuli":181,"minecraft:dirt":464,"minecraft:lantern":1,"minecraft:bone":6,"minecraft:wheat_seeds":15,"ars_nouveau:source_gem":138,"minecraft:raw_gold":49,"minecraft:iron_ingot":151,"minecraft:stone_pickaxe":1,"minecraft:oak_planks":6,"minecraft:cooked_porkchop":4,"minecraft:sweet_berries":150,"ars_nouveau:glyph_ignite":1,"ars_nouveau:red_archwood_sapling":14,"ars_nouveau:novice_spell_book":5,"minecraft:gravel":15,"minecraft:sand":32,"minecraft:amethyst_shard":72,"minecraft:ink_sac":2,"minecraft:blast_furnace":1,"minecraft:white_bed":1,"ars_nouveau:sourcestone":16,"minecraft:mossy_cobblestone":1,"ars_nouveau:glyph_light":1,"minecraft:diamond":7,"ars_nouveau:arcane_pedestal":4,"minecraft:oak_sapling":11,"minecraft:melon_seeds":2,"minecraft:coal":49},"minecraft:killed":{"minecraft:spider":1,"minecraft:skeleton":1,"minecraft:chicken":4,"minecraft:pig":5,"minecraft:salmon":6,"minecraft:creeper":4,"minecraft:sheep":3,"minecraft:zombie":16,"minecraft:enderman":1,"minecraft:cow":6},"minecraft:used":{"ars_nouveau:arcane_core":1,"minecraft:redstone":1,"minecraft:oak_sign":1,"minecraft:chest":11,"minecraft:cooked_salmon":5,"minecraft:cooked_chicken":2,"minecraft:rotten_flesh":2,"minecraft:torch":19,"minecraft:dirt":155,"ars_nouveau:red_archwood_sapling":14,"ars_nouveau:imbuement_chamber":8,"minecraft:sweet_berries":68,"minecraft:furnace":6,"minecraft:egg":2,"minecraft:cooked_beef":3,"minecraft:cobbled_deepslate":4,"minecraft:cooked_mutton":5,"minecraft:water_bucket":1,"minecraft:stone_pickaxe":55,"minecraft:oak_planks":14,"minecraft:wooden_pickaxe":6,"minecraft:sugar_cane":18,"minecraft:crafting_table":5,"minecraft:blast_furnace":2,"minecraft:white_bed":2,"minecraft:smoker":2,"ars_nouveau:enchanting_apparatus":1,"ars_nouveau:arcane_pedestal":4,"minecraft:stone_axe":228,"minecraft:cobblestone":8,"minecraft:cooked_porkchop":10,"minecraft:bucket":1,"ars_nouveau:scribes_table":3},"minecraft:killed_by":{"minecraft:creeper":1,"minecraft:skeleton":2},"minecraft:broken":{"minecraft:stone_axe":1},"minecraft:dropped":{"minecraft:iron_ingot":30,"minecraft:clock":1,"minecraft:cooked_beef":2,"minecraft:crafting_table":1,"minecraft:lantern":2,"minecraft:leather":4,"minecraft:coal":4,"minecraft:dirt":1,"minecraft:torch":1,"minecraft:repeater":1,"minecraft:sand":1,"ars_nouveau:archwood_pressure_plate":1,"minecraft:sweet_berries":1,"ars_nouveau:archwood_planks":64,"minecraft:raw_iron":30,"minecraft:rotten_flesh":1,"minecraft:iron_boots":1,"minecraft:flint_and_steel":1,"minecraft:diamond_pickaxe":1,"minecraft:oak_sapling":4,"minecraft:stone_pickaxe":1,"minecraft:glass":6,"minecraft:wooden_pickaxe":2,"minecraft:raw_gold":10},"minecraft:custom":{"minecraft:mob_kills":48,"minecraft:interact_with_crafting_table":54,"minecraft:leave_game":5,"minecraft:time_since_death":38396,"minecraft:sprint_one_cm":653855,"minecraft:walk_one_cm":567093,"minecraft:drop":27,"minecraft:play_time":255542,"minecraft:deaths":3,"minecraft:sneak_time":4463,"minecraft:walk_under_water_one_cm":47860,"minecraft:jump":3589,"minecraft:interact_with_blast_furnace":20,"minecraft:walk_on_water_one_cm":77305,"minecraft:total_world_time":255542,"minecraft:interact_with_furnace":102,"minecraft:sleep_in_bed":7,"minecraft:time_since_rest":23936,"minecraft:damage_taken":1980,"minecraft:damage_dealt":2866,"minecraft:swim_one_cm":127090,"minecraft:fly_one_cm":516863,"minecraft:open_chest":86,"minecraft:crouch_one_cm":19491,"minecraft:interact_with_smoker":10,"minecraft:fall_one_cm":75047},"minecraft:mined":{"minecraft:grass_block":2,"minecraft:redstone_wire":1,"minecraft:oak_wall_sign":1,"minecraft:large_fern":2,"minecraft:tall_seagrass":1,"minecraft:fire":2,"minecraft:iron_ore":10,"minecraft:peony":2,"ars_nouveau:red_archwood_log":125,"iceandfire:frost_lily":1,"minecraft:stone":27,"ars_nouveau:light_block":7,"minecraft:crafting_table":1,"minecraft:torch":1,"ars_nouveau:scribes_table":1,"minecraft:sugar_cane":10,"minecraft:oak_planks":6,"minecraft:diorite":1,"minecraft:wall_torch":1,"minecraft:seagrass":1,"minecraft:sweet_berry_bush":32,"minecraft:grass":27,"minecraft:oak_log":50,"minecraft:coal_ore":23,"minecraft:dirt":2,"minecraft:sand":2,"ars_nouveau:red_archwood_sapling":1,"minecraft:oak_leaves":2},"minecraft:crafted":{"minecraft:black_dye":2,"minecraft:smooth_stone":3,"minecraft:oak_planks":124,"minecraft:oak_sign":3,"ars_nouveau:archwood_planks":268,"minecraft:iron_nugget":9,"ars_nouveau:archwood_pressure_plate":1,"minecraft:cooked_chicken":2,"minecraft:furnace":4,"minecraft:blast_furnace":1,"minecraft:stone":54,"ars_nouveau:archwood_slab":6,"minecraft:cooked_mutton":5,"minecraft:flint_and_steel":1,"ars_nouveau:source_gem_block":3,"minecraft:glass":1,"minecraft:lantern":1,"minecraft:repeater":1,"ars_nouveau:novice_spell_book":1,"minecraft:iron_boots":1,"minecraft:iron_axe":1,"minecraft:stone_pickaxe":1,"minecraft:chest":6,"ars_nouveau:enchanting_apparatus":1,"minecraft:smoker":1,"minecraft:cooked_beef":5,"ars_nouveau:source_gem":12,"ars_nouveau:arcane_core":1,"minecraft:cooked_porkchop":10,"minecraft:crafting_table":3,"ars_nouveau:imbuement_chamber":8,"minecraft:wooden_pickaxe":1,"minecraft:iron_sword":1,"minecraft:clock":1,"minecraft:cooked_salmon":5,"minecraft:bucket":1,"minecraft:stone_axe":2,"minecraft:air":0,"ars_nouveau:sourcestone":32,"minecraft:book":1,"minecraft:paper":3,"minecraft:diamond_pickaxe":1,"minecraft:charcoal":19,"minecraft:gold_nugget":171,"minecraft:stick":24,"minecraft:iron_ingot":89,"minecraft:iron_pickaxe":1,"minecraft:iron_shovel":1,"minecraft:gold_ingot":53,"minecraft:white_bed":1,"minecraft:redstone_torch":2,"ars_nouveau:scribes_table":1,"minecraft:torch":24,"ars_nouveau:arcane_pedestal":4}},"DataVersion":3465}