{"stats":{"minecraft:used":{"ars_nouveau:arcane_core":2,"minecraft:redstone":2,"minecraft:oak_sign":1,"ars_nouveau:magebloom_crop":45,"minecraft:chest":13,"minecraft:cooked_salmon":13,"minecraft:cooked_chicken":2,"ars_nouveau:arcanist_boots":1,"minecraft:rotten_flesh":2,"minecraft:torch":19,"minecraft:dirt":155,"ars_nouveau:red_archwood_sapling":14,"minecraft:iron_hoe":92,"ars_nouveau:ritual_brazier":1,"iceandfire:ghost_chest":1,"ars_nouveau:imbuement_chamber":17,"minecraft:melon_seeds":6,"ars_nouveau:arcanist_leggings":1,"minecraft:sweet_berries":242,"minecraft:furnace":6,"ars_nouveau:sourceberry_bush":76,"minecraft:egg":3,"minecraft:cooked_beef":9,"minecraft:cobbled_deepslate":10,"minecraft:cooked_mutton":5,"minecraft:wheat_seeds":2,"minecraft:water_bucket":1,"minecraft:oak_planks":18,"minecraft:stone_pickaxe":55,"minecraft:wooden_pickaxe":6,"minecraft:sugar_cane":18,"ars_nouveau:arcanist_hood":1,"minecraft:oak_slab":1,"minecraft:crafting_table":6,"ars_nouveau:agronomic_sourcelink":2,"minecraft:blast_furnace":2,"minecraft:white_bed":4,"minecraft:campfire":1,"minecraft:smoker":2,"minecraft:shears":2,"ars_nouveau:enchanting_apparatus":3,"ars_nouveau:arcane_pedestal":8,"minecraft:bread":6,"ars_nouveau:source_jar":5,"minecraft:stone_axe":347,"minecraft:cobblestone":11,"minecraft:cooked_porkchop":10,"minecraft:bucket":2,"ars_nouveau:scribes_table":3,"minecraft:bone_meal":1,"ars_nouveau:arcanist_robes":1},"minecraft:killed":{"minecraft:spider":9,"minecraft:skeleton":5,"minecraft:chicken":4,"minecraft:drowned":4,"minecraft:pig":5,"minecraft:salmon":23,"minecraft:creeper":15,"minecraft:squid":1,"ars_nouveau:wilden_guardian":6,"minecraft:sheep":3,"iceandfire:ghost":1,"minecraft:zombie":29,"minecraft:enderman":1,"minecraft:cow":10},"minecraft:broken":{"minecraft:stone_axe":2},"minecraft:custom":{"minecraft:mob_kills":117,"minecraft:interact_with_crafting_table":77,"minecraft:interact_with_campfire":11,"minecraft:leave_game":10,"minecraft:time_since_death":31417,"minecraft:climb_one_cm":1235,"minecraft:sprint_one_cm":1227416,"minecraft:walk_one_cm":1141524,"minecraft:drop":45,"minecraft:play_time":459747,"minecraft:deaths":6,"minecraft:sneak_time":6499,"minecraft:walk_under_water_one_cm":87912,"minecraft:jump":6448,"minecraft:interact_with_blast_furnace":38,"minecraft:walk_on_water_one_cm":130980,"minecraft:total_world_time":459747,"minecraft:interact_with_furnace":126,"minecraft:sleep_in_bed":9,"minecraft:time_since_rest":24041,"minecraft:damage_taken":4362,"minecraft:trigger_trapped_chest":1,"minecraft:damage_dealt":3722,"minecraft:swim_one_cm":378505,"minecraft:fly_one_cm":1050775,"minecraft:open_chest":246,"minecraft:crouch_one_cm":25375,"minecraft:interact_with_smoker":16,"minecraft:fall_one_cm":134010,"minecraft:horse_one_cm":1195857},"minecraft:mined":{"minecraft:white_bed":1,"gravestone:gravestone":3,"minecraft:grass_block":7,"minecraft:redstone_wire":2,"ars_nouveau:sourceberry_bush":47,"minecraft:oak_wall_sign":1,"minecraft:large_fern":5,"minecraft:tall_seagrass":3,"ars_nouveau:magebloom_crop":17,"minecraft:iron_ore":10,"minecraft:fire":4,"minecraft:peony":2,"ars_nouveau:red_archwood_log":126,"ars_nouveau:agronomic_sourcelink":1,"iceandfire:frost_lily":1,"ars_nouveau:enchanting_apparatus":1,"minecraft:stone":27,"minecraft:brown_mushroom":2,"ars_nouveau:green_archwood_log":67,"ars_nouveau:light_block":28,"minecraft:torch":1,"minecraft:crafting_table":1,"iceandfire:ghost_chest":1,"minecraft:tall_grass":1,"ars_nouveau:source_jar":4,"ars_nouveau:scribes_table":1,"minecraft:oak_planks":6,"minecraft:sugar_cane":12,"minecraft:wall_torch":1,"minecraft:diorite":1,"minecraft:seagrass":2,"ars_nouveau:blue_archwood_log":33,"minecraft:sweet_berry_bush":104,"minecraft:wheat":1,"minecraft:ice":1,"minecraft:birch_leaves":2,"minecraft:wither_rose":1,"minecraft:grass":43,"minecraft:coal_ore":23,"minecraft:oak_log":50,"minecraft:sand":2,"minecraft:dirt":5,"ars_nouveau:imbuement_chamber":1,"ars_nouveau:red_archwood_sapling":1,"minecraft:oak_leaves":9,"minecraft:fern":3},"minecraft:crafted":{"minecraft:black_dye":7,"minecraft:smooth_stone":3,"minecraft:oak_planks":368,"minecraft:oak_sign":3,"minecraft:fishing_rod":1,"ars_nouveau:archwood_planks":268,"minecraft:iron_nugget":9,"ars_nouveau:archwood_pressure_plate":1,"minecraft:cooked_chicken":2,"ars_nouveau:magebloom_fiber":24,"minecraft:furnace":4,"minecraft:stone_button":1,"minecraft:blast_furnace":1,"minecraft:stone":55,"ars_nouveau:archwood_slab":12,"minecraft:cooked_mutton":5,"minecraft:flint_and_steel":1,"ars_nouveau:source_gem_block":3,"minecraft:hopper":2,"minecraft:glass":7,"minecraft:lantern":1,"minecraft:repeater":1,"minecraft:iron_boots":2,"ars_nouveau:novice_spell_book":2,"minecraft:iron_axe":1,"minecraft:iron_hoe":1,"minecraft:stone_pickaxe":1,"minecraft:chest":10,"ars_nouveau:enchanting_apparatus":1,"ars_nouveau:agronomic_sourcelink":1,"minecraft:smoker":1,"minecraft:sugar":2,"minecraft:cooked_beef":11,"ars_nouveau:source_gem":12,"minecraft:oak_slab":6,"ars_nouveau:arcanist_leggings":1,"ars_nouveau:arcane_core":1,"minecraft:cooked_porkchop":10,"minecraft:crafting_table":4,"ars_nouveau:imbuement_chamber":9,"minecraft:wooden_pickaxe":1,"minecraft:iron_helmet":1,"minecraft:iron_sword":1,"ars_nouveau:arcanist_robes":1,"ars_nouveau:source_jar":1,"minecraft:clock":2,"minecraft:cooked_salmon":11,"ars_nouveau:arcanist_boots":1,"minecraft:bucket":2,"minecraft:campfire":1,"ars_nouveau:arcanist_hood":1,"minecraft:stone_axe":4,"minecraft:air":0,"ars_nouveau:sourcestone":32,"minecraft:book":1,"minecraft:iron_chestplate":1,"minecraft:charcoal":19,"minecraft:paper":3,"minecraft:diamond_pickaxe":1,"minecraft:gold_nugget":171,"minecraft:stick":36,"minecraft:fermented_spider_eye":1,"minecraft:iron_ingot":197,"minecraft:iron_pickaxe":1,"minecraft:iron_shovel":1,"minecraft:gold_ingot":81,"minecraft:iron_leggings":2,"minecraft:white_bed":3,"minecraft:redstone_torch":2,"ars_nouveau:scribes_table":1,"minecraft:torch":24,"ars_nouveau:arcane_pedestal":4,"minecraft:shears":1,"minecraft:lapis_block":1},"minecraft:killed_by":{"minecraft:player":1,"minecraft:creeper":2,"minecraft:skeleton":2,"iceandfire:ghost":1},"minecraft:picked_up":{"minecraft:charcoal":3,"ars_nouveau:red_archwood_log":212,"minecraft:coarse_dirt":8,"minecraft:crafting_table":3,"minecraft:wheat":1,"minecraft:chainmail_boots":1,"minecraft:chicken":4,"minecraft:brown_mushroom":2,"minecraft:wooden_pickaxe":2,"minecraft:gold_block":1,"minecraft:wither_rose":1,"minecraft:potion":1,"ars_nouveau:bombegranate_pod":1,"ars_nouveau:glyph_craft":1,"ars_nouveau:archwood_planks":96,"minecraft:string":6,"minecraft:cooked_salmon":11,"ars_nouveau:glyph_pull":1,"minecraft:oak_sign":1,"minecraft:cobbled_deepslate":301,"iceandfire:frost_lily":1,"minecraft:beef":11,"ars_nouveau:starbuncle_shards":1,"ars_nouveau:stripped_green_archwood_log":3,"ars_nouveau:mendosteen_pod":1,"minecraft:enchanted_golden_apple":1,"minecraft:sugar_cane":32,"minecraft:chest":5,"minecraft:egg":6,"minecraft:furnace":4,"minecraft:raw_iron":249,"minecraft:stick":8,"iceandfire:dragonbone":1,"iceandfire:ghost_chest":1,"ars_nouveau:blue_archwood_log":8,"minecraft:oak_fence":1,"minecraft:torch":4,"ars_nouveau:glyph_underfoot":1,"ars_nouveau:glyph_pickup":1,"minecraft:porkchop":10,"minecraft:stone_button":1,"minecraft:pointed_dripstone":1,"minecraft:diorite":4,"minecraft:redstone":207,"ars_nouveau:green_archwood_log":29,"iceandfire:dragon_skull_ice":1,"ars_nouveau:enchanting_apparatus":2,"minecraft:arrow":8,"minecraft:rotten_flesh":22,"ars_nouveau:agronomic_sourcelink":1,"ars_nouveau:arcane_core":1,"ars_nouveau:arcanist_leggings":1,"minecraft:peony":1,"ars_nouveau:worn_notebook":3,"ars_nouveau:imbuement_chamber":9,"minecraft:gold_ingot":5,"ars_nouveau:sourceberry_bush":170,"minecraft:mutton":5,"minecraft:cobblestone":162,"minecraft:white_wool":9,"ars_nouveau:manipulation_essence":1,"minecraft:birch_leaves":2,"minecraft:clock":4,"minecraft:feather":8,"ars_nouveau:arcanist_hood":1,"minecraft:repeater":3,"minecraft:glow_ink_sac":3,"minecraft:salmon":22,"minecraft:leather":11,"minecraft:smoker":1,"ars_nouveau:magebloom":17,"minecraft:flint":2,"minecraft:tuff":13,"minecraft:oak_log":50,"iceandfire:ectoplasm":2,"minecraft:gunpowder":27,"ars_nouveau:glyph_amplify":1,"ars_nouveau:glyph_phantom_block":1,"ars_nouveau:scribes_table":2,"minecraft:lapis_lazuli":270,"minecraft:dirt":466,"minecraft:lantern":1,"ars_nouveau:arcanist_robes":1,"ars_nouveau:arcanist_boots":1,"minecraft:bone":9,"minecraft:wheat_seeds":44,"ars_nouveau:source_gem":242,"minecraft:raw_gold":75,"minecraft:iron_ingot":151,"minecraft:stone_pickaxe":1,"minecraft:fletching_table":1,"minecraft:oak_planks":6,"ars_nouveau:ritual_brazier":1,"minecraft:cooked_porkchop":4,"ars_nouveau:source_jar":4,"minecraft:sweet_berries":348,"ars_nouveau:glyph_ignite":1,"ars_nouveau:red_archwood_sapling":14,"ars_nouveau:novice_spell_book":5,"minecraft:gravel":16,"minecraft:sand":34,"minecraft:amethyst_shard":74,"minecraft:ink_sac":13,"minecraft:blast_furnace":3,"minecraft:white_bed":2,"minecraft:spider_eye":1,"ars_nouveau:glyph_delay":1,"ars_nouveau:sourcestone":16,"minecraft:mossy_cobblestone":1,"ars_nouveau:glyph_light":1,"ars_nouveau:wilden_spike":6,"minecraft:diamond":7,"minecraft:chainmail_leggings":1,"ars_nouveau:glyph_summon_steed":1,"minecraft:bone_meal":1,"minecraft:oak_sapling":11,"minecraft:melon_seeds":2,"ars_nouveau:arcane_pedestal":4,"minecraft:coal":175,"ars_nouveau:magebloom_crop":45},"minecraft:dropped":{"minecraft:water_bucket":1,"minecraft:iron_ingot":50,"minecraft:black_dye":1,"minecraft:wheat_seeds":6,"minecraft:clock":2,"minecraft:cooked_beef":2,"minecraft:crafting_table":1,"minecraft:lantern":2,"minecraft:leather":4,"minecraft:coal":4,"minecraft:dirt":1,"ars_nouveau:red_archwood_log":1,"minecraft:ink_sac":3,"minecraft:torch":1,"minecraft:repeater":2,"gravestone:obituary":2,"minecraft:sand":1,"minecraft:fishing_rod":1,"minecraft:redstone":1,"ars_nouveau:archwood_pressure_plate":1,"minecraft:stone_axe":1,"minecraft:sweet_berries":1,"ars_nouveau:manipulation_essence":1,"ars_nouveau:archwood_planks":64,"minecraft:tuff":6,"minecraft:raw_iron":30,"minecraft:rotten_flesh":3,"minecraft:iron_boots":1,"minecraft:flint_and_steel":1,"minecraft:diamond_pickaxe":1,"minecraft:hopper":2,"minecraft:oak_sapling":4,"minecraft:arrow":5,"minecraft:glass":6,"minecraft:stone_pickaxe":1,"minecraft:wooden_pickaxe":2,"minecraft:raw_gold":10}},"DataVersion":3465}