{"stats":{"minecraft:picked_up":{"minecraft:oak_log":1},"minecraft:killed_by":{"minecraft:zombie":3},"minecraft:mined":{"minecraft:oak_log":1,"minecraft:oak_leaves":1},"minecraft:custom":{"minecraft:jump":26,"minecraft:damage_dealt":18,"minecraft:time_since_rest":37,"minecraft:damage_taken":785,"minecraft:leave_game":3,"minecraft:time_since_death":0,"minecraft:play_time":4509,"minecraft:walk_one_cm":4975,"minecraft:sprint_one_cm":2506,"minecraft:walk_on_water_one_cm":297,"minecraft:deaths":3,"minecraft:total_world_time":4509,"minecraft:walk_under_water_one_cm":1687,"minecraft:fall_one_cm":627,"minecraft:fly_one_cm":3621}},"DataVersion":3465}