{"stats":{"minecraft:dropped":{"minecraft:rotten_flesh":1,"minecraft:dirt":1,"minecraft:oak_sapling":4,"minecraft:wooden_pickaxe":1},"minecraft:broken":{"minecraft:stone_axe":1},"minecraft:custom":{"minecraft:interact_with_furnace":26,"minecraft:mob_kills":23,"minecraft:interact_with_crafting_table":13,"minecraft:leave_game":5,"minecraft:time_since_death":58981,"minecraft:sleep_in_bed":3,"minecraft:time_since_rest":15652,"minecraft:sprint_one_cm":266409,"minecraft:damage_taken":150,"minecraft:walk_one_cm":82942,"minecraft:drop":4,"minecraft:damage_dealt":2643,"minecraft:swim_one_cm":70862,"minecraft:fly_one_cm":195828,"minecraft:crouch_one_cm":492,"minecraft:play_time":58981,"minecraft:sneak_time":287,"minecraft:walk_under_water_one_cm":18675,"minecraft:jump":1115,"minecraft:walk_on_water_one_cm":23055,"minecraft:total_world_time":58981,"minecraft:fall_one_cm":20654},"minecraft:mined":{"minecraft:torch":1,"minecraft:crafting_table":1,"minecraft:grass_block":1,"minecraft:sugar_cane":4,"minecraft:oak_planks":2,"minecraft:diorite":1,"minecraft:oak_wall_sign":1,"minecraft:wall_torch":1,"minecraft:iron_ore":10,"minecraft:sweet_berry_bush":5,"minecraft:peony":2,"minecraft:grass":1,"ars_nouveau:red_archwood_log":73,"minecraft:oak_log":50,"minecraft:coal_ore":23,"minecraft:sand":1,"minecraft:stone":27,"minecraft:oak_leaves":2},"minecraft:killed":{"minecraft:pig":5,"minecraft:salmon":6,"minecraft:creeper":1,"minecraft:sheep":3,"minecraft:zombie":5,"minecraft:chicken":2,"minecraft:cow":1},"minecraft:picked_up":{"ars_nouveau:red_archwood_log":67,"minecraft:crafting_table":1,"minecraft:feather":2,"minecraft:chicken":2,"minecraft:salmon":5,"minecraft:wooden_pickaxe":1,"ars_nouveau:bombegranate_pod":1,"minecraft:oak_log":50,"minecraft:gunpowder":1,"minecraft:dirt":2,"minecraft:oak_sign":1,"minecraft:beef":2,"minecraft:sugar_cane":11,"minecraft:oak_planks":2,"minecraft:egg":2,"minecraft:stick":2,"minecraft:raw_iron":10,"minecraft:sweet_berries":13,"ars_nouveau:red_archwood_sapling":3,"minecraft:torch":2,"minecraft:porkchop":10,"minecraft:sand":1,"minecraft:diorite":2,"minecraft:rotten_flesh":4,"minecraft:peony":1,"minecraft:oak_sapling":11,"minecraft:mutton":5,"minecraft:coal":23,"minecraft:white_wool":3,"minecraft:cobblestone":33},"minecraft:used":{"minecraft:cooked_mutton":4,"minecraft:stone_pickaxe":55,"minecraft:oak_planks":14,"minecraft:oak_sign":1,"minecraft:wooden_pickaxe":6,"minecraft:sugar_cane":3,"minecraft:cooked_salmon":4,"minecraft:cooked_chicken":1,"minecraft:rotten_flesh":1,"minecraft:torch":19,"minecraft:dirt":1,"minecraft:crafting_table":3,"minecraft:white_bed":1,"minecraft:stone_axe":169,"minecraft:cobblestone":2,"minecraft:furnace":2,"minecraft:egg":1,"minecraft:cooked_beef":1},"minecraft:crafted":{"minecraft:cooked_beef":2,"minecraft:oak_planks":124,"minecraft:oak_sign":3,"minecraft:iron_nugget":9,"minecraft:crafting_table":2,"minecraft:wooden_pickaxe":1,"minecraft:cooked_chicken":1,"minecraft:iron_sword":1,"minecraft:furnace":2,"minecraft:cooked_salmon":4,"minecraft:stone_axe":2,"minecraft:cooked_mutton":5,"minecraft:air":0,"minecraft:lantern":1,"minecraft:charcoal":19,"minecraft:iron_axe":1,"minecraft:stick":20,"minecraft:iron_ingot":10,"minecraft:iron_pickaxe":1,"minecraft:stone_pickaxe":1,"minecraft:iron_shovel":1,"minecraft:white_bed":1,"minecraft:torch":24}},"DataVersion":3465}