{
  "minecraft:recipes/decorations/crafting_table": {
    "criteria": {
      "unlock_right_away": "2024-07-15 19:24:49 +0000"
    },
    "done": true
  },
  "minecraft:adventure/adventuring_time": {
    "criteria": {
      "minecraft:beach": "2024-07-15 19:28:12 +0000",
      "minecraft:river": "2024-07-15 19:28:59 +0000",
      "minecraft:forest": "2024-07-15 19:24:50 +0000"
    },
    "done": false
  },
  "create:root": {
    "criteria": {
      "0": "2024-07-15 19:28:01 +0000"
    },
    "done": true
  },
  "vs_eureka:recipes/balloon_color": {
    "criteria": {
      "has_red_balloon": "2024-07-15 19:28:01 +0000",
      "has_black_balloon": "2024-07-15 19:28:01 +0000",
      "has_lime_balloon": "2024-07-15 19:28:01 +0000",
      "has_cyan_balloon": "2024-07-15 19:28:01 +0000",
      "has_light_blue_balloon": "2024-07-15 19:28:01 +0000",
      "has_gray_balloon": "2024-07-15 19:28:01 +0000",
      "has_pink_balloon": "2024-07-15 19:28:01 +0000",
      "has_light_gray_balloon": "2024-07-15 19:28:01 +0000",
      "has_white_balloon": "2024-07-15 19:28:01 +0000",
      "has_blue_balloon": "2024-07-15 19:28:01 +0000",
      "has_yellow_balloon": "2024-07-15 19:28:01 +0000",
      "has_purple_balloon": "2024-07-15 19:28:01 +0000",
      "has_orange_balloon": "2024-07-15 19:28:01 +0000",
      "has_brown_balloon": "2024-07-15 19:28:01 +0000",
      "has_green_balloon": "2024-07-15 19:28:01 +0000",
      "has_magenta_balloon": "2024-07-15 19:28:01 +0000"
    },
    "done": true
  },
  "minecraft:recipes/misc/charcoal": {
    "criteria": {
      "has_log": "2024-07-15 19:28:01 +0000"
    },
    "done": true
  },
  "vs_eureka:recipes/balloon_leather": {
    "criteria": {
      "has_leather": "2024-07-15 19:28:01 +0000"
    },
    "done": true
  },
  "minecraft:recipes/building_blocks/oak_planks": {
    "criteria": {
      "has_logs": "2024-07-15 19:28:01 +0000"
    },
    "done": true
  },
  "vs_eureka:recipes/ship_helm": {
    "criteria": {
      "has_gold": "2024-07-15 19:28:01 +0000"
    },
    "done": true
  },
  "vs_eureka:recipes/balloon_paper": {
    "criteria": {
      "has_paper": "2024-07-15 19:28:01 +0000"
    },
    "done": true
  },
  "minecraft:recipes/building_blocks/oak_wood": {
    "criteria": {
      "has_log": "2024-07-15 19:28:01 +0000"
    },
    "done": true
  },
  "vs_eureka:recipes/balloon_membrane": {
    "criteria": {
      "has_membrane": "2024-07-15 19:28:01 +0000"
    },
    "done": true
  },
  "minecraft:adventure/root": {
    "criteria": {
      "killed_by_something": "2024-07-15 19:28:26 +0000"
    },
    "done": true
  },
  "minecraft:recipes/transportation/cherry_boat": {
    "criteria": {
      "in_water": "2024-07-15 19:28:59 +0000"
    },
    "done": true
  },
  "minecraft:recipes/transportation/bamboo_raft": {
    "criteria": {
      "in_water": "2024-07-15 19:28:59 +0000"
    },
    "done": true
  },
  "minecraft:recipes/transportation/spruce_boat": {
    "criteria": {
      "in_water": "2024-07-15 19:28:59 +0000"
    },
    "done": true
  },
  "minecraft:recipes/transportation/birch_boat": {
    "criteria": {
      "in_water": "2024-07-15 19:28:59 +0000"
    },
    "done": true
  },
  "minecraft:recipes/transportation/oak_boat": {
    "criteria": {
      "in_water": "2024-07-15 19:28:59 +0000"
    },
    "done": true
  },
  "minecraft:recipes/transportation/mangrove_boat": {
    "criteria": {
      "in_water": "2024-07-15 19:28:59 +0000"
    },
    "done": true
  },
  "minecraft:recipes/transportation/acacia_boat": {
    "criteria": {
      "in_water": "2024-07-15 19:28:59 +0000"
    },
    "done": true
  },
  "minecraft:recipes/transportation/jungle_boat": {
    "criteria": {
      "in_water": "2024-07-15 19:28:59 +0000"
    },
    "done": true
  },
  "minecraft:recipes/transportation/dark_oak_boat": {
    "criteria": {
      "in_water": "2024-07-15 19:28:59 +0000"
    },
    "done": true
  },
  "DataVersion": 3465
}